V4 GRID SWEEP — entry_z × hl_max = 9 combos × 39 folds
  hold-constant: hard_sl_z=4.0, z_window=60, hl_min=5.0
  Train folds = 1..30 (in-sample), OOS folds = 31..39 (held out)
  Output dir: D:\Quant Finance\Quant Program\Week 6\results\v4\grid

Loading daily cache (once)...
  loaded 528 tickers in 1.0s


============================================================
[1/9] Combo: entry_z=1.5, hl_max=10.0 -> ez1.5_hl10
============================================================
  Fold 01 [2023-01]: slicing daily cache for formation 2022-01-01 .. 2022-12-31
  Fold 01 [2023-01]: daily formation: 511 tickers
  [v4-discovery] 511 formation tickers
  [v4-discovery] hard screens: 506 survivors
  [v4-discovery] fitting factor model (PCA on daily returns)...
  [v4-discovery] running pairwise Johansen on 506 tickers (127765 pairs)...
  [v4-discovery] pairwise tests done: 127765 candidates
WARNING FALLBACK CAP: kept top 500 by p-value
  Fold 01 [2023-01]: discovery: 78 pairs after beta>0 | cum_var=0.623
  Fold 01 [2023-01]: slicing daily cache for trading 2023-01-01 .. 2023-01-31
  Fold 01 [2023-01]: daily trading: 512 tickers
  Fold 01 [2023-01]: trading residual: 20 bars x 506 tickers
  Fold 01 [2023-01]: complete in 35.9s | n_trades=52, sharpe=+1.243, total_return=+0.0039, exits z/sl/open=19/0/37
  Fold 02 [2023-02]: slicing daily cache for formation 2022-02-01 .. 2023-01-31
  Fold 02 [2023-02]: daily formation: 512 tickers
  [v4-discovery] 512 formation tickers
  [v4-discovery] hard screens: 506 survivors
  [v4-discovery] fitting factor model (PCA on daily returns)...
  [v4-discovery] running pairwise Johansen on 506 tickers (127765 pairs)...
  [v4-discovery] pairwise tests done: 127765 candidates
WARNING FALLBACK CAP: kept top 500 by p-value
  Fold 02 [2023-02]: discovery: 59 pairs after beta>0 | cum_var=0.614
  Fold 02 [2023-02]: slicing daily cache for trading 2023-02-01 .. 2023-02-28
  Fold 02 [2023-02]: daily trading: 512 tickers
  Fold 02 [2023-02]: trading residual: 19 bars x 506 tickers
  Fold 02 [2023-02]: complete in 35.8s | n_trades=46, sharpe=+0.002, total_return=+0.0000, exits z/sl/open=12/1/34
  Fold 03 [2023-03]: slicing daily cache for formation 2022-03-01 .. 2023-02-28
  Fold 03 [2023-03]: daily formation: 512 tickers
  [v4-discovery] 512 formation tickers
  [v4-discovery] hard screens: 506 survivors
  [v4-discovery] fitting factor model (PCA on daily returns)...
  [v4-discovery] running pairwise Johansen on 506 tickers (127765 pairs)...
  [v4-discovery] pairwise tests done: 127765 candidates
WARNING FALLBACK CAP: kept top 500 by p-value
  Fold 03 [2023-03]: discovery: 75 pairs after beta>0 | cum_var=0.615
  Fold 03 [2023-03]: slicing daily cache for trading 2023-03-01 .. 2023-03-31
  Fold 03 [2023-03]: daily trading: 512 tickers
  Fold 03 [2023-03]: trading residual: 23 bars x 506 tickers
  Fold 03 [2023-03]: complete in 35.7s | n_trades=68, sharpe=+0.463, total_return=+0.0034, exits z/sl/open=16/4/49
  Fold 04 [2023-04]: slicing daily cache for formation 2022-04-01 .. 2023-03-31
  Fold 04 [2023-04]: daily formation: 512 tickers
  [v4-discovery] 512 formation tickers
  [v4-discovery] hard screens: 507 survivors
  [v4-discovery] fitting factor model (PCA on daily returns)...
  [v4-discovery] running pairwise Johansen on 507 tickers (128271 pairs)...
  [v4-discovery] pairwise tests done: 128271 candidates
WARNING FALLBACK CAP: kept top 500 by p-value
  Fold 04 [2023-04]: discovery: 54 pairs after beta>0 | cum_var=0.616
  Fold 04 [2023-04]: slicing daily cache for trading 2023-04-01 .. 2023-04-30
  Fold 04 [2023-04]: daily trading: 512 tickers
  Fold 04 [2023-04]: trading residual: 19 bars x 507 tickers
  Fold 04 [2023-04]: complete in 36.0s | n_trades=33, sharpe=+5.372, total_return=+0.0104, exits z/sl/open=13/0/21
  Fold 05 [2023-05]: slicing daily cache for formation 2022-05-01 .. 2023-04-30
  Fold 05 [2023-05]: daily formation: 512 tickers
  [v4-discovery] 512 formation tickers
  [v4-discovery] hard screens: 508 survivors
  [v4-discovery] fitting factor model (PCA on daily returns)...
  [v4-discovery] running pairwise Johansen on 508 tickers (128778 pairs)...
  [v4-discovery] pairwise tests done: 128778 candidates
WARNING FALLBACK CAP: kept top 500 by p-value
  Fold 05 [2023-05]: discovery: 96 pairs after beta>0 | cum_var=0.612
  Fold 05 [2023-05]: slicing daily cache for trading 2023-05-01 .. 2023-05-31
  Fold 05 [2023-05]: daily trading: 514 tickers
  Fold 05 [2023-05]: trading residual: 22 bars x 508 tickers
  Fold 05 [2023-05]: complete in 36.0s | n_trades=17, sharpe=-8.201, total_return=-0.1065, exits z/sl/open=4/0/14
  Fold 06 [2023-06]: slicing daily cache for formation 2022-06-01 .. 2023-05-31
  Fold 06 [2023-06]: daily formation: 514 tickers
  [v4-discovery] 514 formation tickers
  [v4-discovery] hard screens: 510 survivors
  [v4-discovery] fitting factor model (PCA on daily returns)...
  [v4-discovery] running pairwise Johansen on 510 tickers (129795 pairs)...
  [v4-discovery] pairwise tests done: 129795 candidates
WARNING FALLBACK CAP: kept top 500 by p-value
  Fold 06 [2023-06]: discovery: 65 pairs after beta>0 | cum_var=0.596
  Fold 06 [2023-06]: slicing daily cache for trading 2023-06-01 .. 2023-06-30
  Fold 06 [2023-06]: daily trading: 514 tickers
  Fold 06 [2023-06]: trading residual: 21 bars x 510 tickers
  Fold 06 [2023-06]: complete in 36.7s | n_trades=55, sharpe=-1.460, total_return=-0.0049, exits z/sl/open=11/1/43
  Fold 07 [2023-07]: slicing daily cache for formation 2022-07-01 .. 2023-06-30
  Fold 07 [2023-07]: daily formation: 514 tickers
  [v4-discovery] 514 formation tickers
  [v4-discovery] hard screens: 510 survivors
  [v4-discovery] fitting factor model (PCA on daily returns)...
  [v4-discovery] running pairwise Johansen on 510 tickers (129795 pairs)...
  [v4-discovery] pairwise tests done: 129795 candidates
WARNING FALLBACK CAP: kept top 500 by p-value
  Fold 07 [2023-07]: discovery: 60 pairs after beta>0 | cum_var=0.595
  Fold 07 [2023-07]: slicing daily cache for trading 2023-07-01 .. 2023-07-31
  Fold 07 [2023-07]: daily trading: 514 tickers
  Fold 07 [2023-07]: trading residual: 20 bars x 509 tickers
  Fold 07 [2023-07]: complete in 35.6s | n_trades=50, sharpe=+4.190, total_return=+0.0101, exits z/sl/open=17/1/33
  Fold 08 [2023-08]: slicing daily cache for formation 2022-08-01 .. 2023-07-31
  Fold 08 [2023-08]: daily formation: 515 tickers
  [v4-discovery] 515 formation tickers
  [v4-discovery] hard screens: 509 survivors
  [v4-discovery] fitting factor model (PCA on daily returns)...
  [v4-discovery] running pairwise Johansen on 509 tickers (129286 pairs)...
  [v4-discovery] pairwise tests done: 129286 candidates
WARNING FALLBACK CAP: kept top 500 by p-value
  Fold 08 [2023-08]: discovery: 32 pairs after beta>0 | cum_var=0.491
  Fold 08 [2023-08]: slicing daily cache for trading 2023-08-01 .. 2023-08-31
  Fold 08 [2023-08]: daily trading: 515 tickers
  Fold 08 [2023-08]: trading residual: 23 bars x 509 tickers
  Fold 08 [2023-08]: complete in 35.9s | n_trades=4, sharpe=-6.804, total_return=-0.0100, exits z/sl/open=1/0/3
  Fold 09 [2023-09]: slicing daily cache for formation 2022-09-01 .. 2023-08-31
  Fold 09 [2023-09]: daily formation: 516 tickers
  [v4-discovery] 516 formation tickers
  [v4-discovery] hard screens: 509 survivors
  [v4-discovery] fitting factor model (PCA on daily returns)...
  [v4-discovery] running pairwise Johansen on 509 tickers (129286 pairs)...
  [v4-discovery] pairwise tests done: 129286 candidates
WARNING FALLBACK CAP: kept top 500 by p-value
  Fold 09 [2023-09]: discovery: 213 pairs after beta>0 | cum_var=0.489
  Fold 09 [2023-09]: slicing daily cache for trading 2023-09-01 .. 2023-09-30
  Fold 09 [2023-09]: daily trading: 516 tickers
  Fold 09 [2023-09]: trading residual: 20 bars x 509 tickers
  Fold 09 [2023-09]: complete in 37.5s | n_trades=21, sharpe=-4.064, total_return=-0.2860, exits z/sl/open=2/0/19
  Fold 10 [2023-10]: slicing daily cache for formation 2022-10-01 .. 2023-09-30
  Fold 10 [2023-10]: daily formation: 517 tickers
  [v4-discovery] 517 formation tickers
  [v4-discovery] hard screens: 509 survivors
  [v4-discovery] fitting factor model (PCA on daily returns)...
  [v4-discovery] running pairwise Johansen on 509 tickers (129286 pairs)...
  [v4-discovery] pairwise tests done: 129286 candidates
WARNING FALLBACK CAP: kept top 500 by p-value
  Fold 10 [2023-10]: discovery: 73 pairs after beta>0 | cum_var=0.480
  Fold 10 [2023-10]: slicing daily cache for trading 2023-10-01 .. 2023-10-31
  Fold 10 [2023-10]: daily trading: 517 tickers
  Fold 10 [2023-10]: trading residual: 22 bars x 509 tickers
  Fold 10 [2023-10]: complete in 36.7s | n_trades=40, sharpe=+1.482, total_return=+0.1316, exits z/sl/open=18/0/25
  Fold 11 [2023-11]: slicing daily cache for formation 2022-11-01 .. 2023-10-31
  Fold 11 [2023-11]: daily formation: 518 tickers
  [v4-discovery] 518 formation tickers
  [v4-discovery] hard screens: 510 survivors
  [v4-discovery] fitting factor model (PCA on daily returns)...
  [v4-discovery] running pairwise Johansen on 510 tickers (129795 pairs)...
  [v4-discovery] pairwise tests done: 129795 candidates
WARNING FALLBACK CAP: kept top 500 by p-value
  Fold 11 [2023-11]: discovery: 104 pairs after beta>0 | cum_var=0.468
  Fold 11 [2023-11]: slicing daily cache for trading 2023-11-01 .. 2023-11-30
  Fold 11 [2023-11]: daily trading: 517 tickers
  Fold 11 [2023-11]: trading residual: 21 bars x 510 tickers
  Fold 11 [2023-11]: complete in 36.6s | n_trades=49, sharpe=-0.086, total_return=-0.0003, exits z/sl/open=8/4/38
  Fold 12 [2023-12]: slicing daily cache for formation 2022-12-01 .. 2023-11-30
  Fold 12 [2023-12]: daily formation: 518 tickers
  [v4-discovery] 518 formation tickers
  [v4-discovery] hard screens: 511 survivors
  [v4-discovery] fitting factor model (PCA on daily returns)...
  [v4-discovery] running pairwise Johansen on 511 tickers (130305 pairs)...
  [v4-discovery] pairwise tests done: 130305 candidates
WARNING FALLBACK CAP: kept top 500 by p-value
  Fold 12 [2023-12]: discovery: 66 pairs after beta>0 | cum_var=0.422
  Fold 12 [2023-12]: slicing daily cache for trading 2023-12-01 .. 2023-12-31
  Fold 12 [2023-12]: daily trading: 517 tickers
  Fold 12 [2023-12]: trading residual: 20 bars x 511 tickers
  Fold 12 [2023-12]: complete in 34.9s | n_trades=42, sharpe=+4.300, total_return=+0.0087, exits z/sl/open=18/0/25
  Fold 13 [2024-01]: slicing daily cache for formation 2023-01-01 .. 2023-12-31
  Fold 13 [2024-01]: daily formation: 518 tickers
  [v4-discovery] 518 formation tickers
  [v4-discovery] hard screens: 511 survivors
  [v4-discovery] fitting factor model (PCA on daily returns)...
  [v4-discovery] running pairwise Johansen on 511 tickers (130305 pairs)...
  [v4-discovery] pairwise tests done: 130305 candidates
WARNING FALLBACK CAP: kept top 500 by p-value
  Fold 13 [2024-01]: discovery: 75 pairs after beta>0 | cum_var=0.423
  Fold 13 [2024-01]: slicing daily cache for trading 2024-01-01 .. 2024-01-31
  Fold 13 [2024-01]: daily trading: 517 tickers
  Fold 13 [2024-01]: trading residual: 21 bars x 511 tickers
  Fold 13 [2024-01]: complete in 35.3s | n_trades=68, sharpe=+3.989, total_return=+0.0167, exits z/sl/open=28/3/38
  Fold 14 [2024-02]: slicing daily cache for formation 2023-02-01 .. 2024-01-31
  Fold 14 [2024-02]: daily formation: 518 tickers
  [v4-discovery] 518 formation tickers
  [v4-discovery] hard screens: 511 survivors
  [v4-discovery] fitting factor model (PCA on daily returns)...
  [v4-discovery] running pairwise Johansen on 511 tickers (130305 pairs)...
  [v4-discovery] pairwise tests done: 130305 candidates
WARNING FALLBACK CAP: kept top 500 by p-value
  Fold 14 [2024-02]: discovery: 144 pairs after beta>0 | cum_var=0.411
  Fold 14 [2024-02]: slicing daily cache for trading 2024-02-01 .. 2024-02-29
  Fold 14 [2024-02]: daily trading: 517 tickers
  Fold 14 [2024-02]: trading residual: 20 bars x 511 tickers
  Fold 14 [2024-02]: complete in 33.3s | n_trades=49, sharpe=-0.883, total_return=-0.0033, exits z/sl/open=20/0/29
  Fold 15 [2024-03]: slicing daily cache for formation 2023-03-01 .. 2024-02-29
  Fold 15 [2024-03]: daily formation: 518 tickers
  [v4-discovery] 518 formation tickers
  [v4-discovery] hard screens: 511 survivors
  [v4-discovery] fitting factor model (PCA on daily returns)...
  [v4-discovery] running pairwise Johansen on 511 tickers (130305 pairs)...
  [v4-discovery] pairwise tests done: 130305 candidates
WARNING FALLBACK CAP: kept top 500 by p-value
  Fold 15 [2024-03]: discovery: 91 pairs after beta>0 | cum_var=0.399
  Fold 15 [2024-03]: slicing daily cache for trading 2024-03-01 .. 2024-03-31
  Fold 15 [2024-03]: daily trading: 518 tickers
  Fold 15 [2024-03]: trading residual: 19 bars x 511 tickers
  Fold 15 [2024-03]: complete in 32.2s | n_trades=54, sharpe=-2.486, total_return=-0.0083, exits z/sl/open=11/1/43
  Fold 16 [2024-04]: slicing daily cache for formation 2023-04-01 .. 2024-03-31
  Fold 16 [2024-04]: daily formation: 519 tickers
  [v4-discovery] 519 formation tickers
  [v4-discovery] hard screens: 512 survivors
  [v4-discovery] fitting factor model (PCA on daily returns)...
  [v4-discovery] running pairwise Johansen on 512 tickers (130816 pairs)...
  [v4-discovery] pairwise tests done: 130816 candidates
WARNING FALLBACK CAP: kept top 500 by p-value
  Fold 16 [2024-04]: discovery: 87 pairs after beta>0 | cum_var=0.372
  Fold 16 [2024-04]: slicing daily cache for trading 2024-04-01 .. 2024-04-30
  Fold 16 [2024-04]: daily trading: 520 tickers
  Fold 16 [2024-04]: trading residual: 22 bars x 512 tickers
  Fold 16 [2024-04]: complete in 31.5s | n_trades=61, sharpe=-1.883, total_return=-0.0103, exits z/sl/open=18/2/42
  Fold 17 [2024-05]: slicing daily cache for formation 2023-05-01 .. 2024-04-30
  Fold 17 [2024-05]: daily formation: 521 tickers
  [v4-discovery] 521 formation tickers
  [v4-discovery] hard screens: 513 survivors
  [v4-discovery] fitting factor model (PCA on daily returns)...
  [v4-discovery] running pairwise Johansen on 513 tickers (131328 pairs)...
  [v4-discovery] pairwise tests done: 131328 candidates
WARNING FALLBACK CAP: kept top 500 by p-value
  Fold 17 [2024-05]: discovery: 77 pairs after beta>0 | cum_var=0.366
  Fold 17 [2024-05]: slicing daily cache for trading 2024-05-01 .. 2024-05-31
  Fold 17 [2024-05]: daily trading: 520 tickers
  Fold 17 [2024-05]: trading residual: 22 bars x 513 tickers
  Fold 17 [2024-05]: complete in 36.2s | n_trades=66, sharpe=-7.380, total_return=-0.0374, exits z/sl/open=15/6/45
  Fold 18 [2024-06]: slicing daily cache for formation 2023-06-01 .. 2024-05-31
  Fold 18 [2024-06]: daily formation: 521 tickers
  [v4-discovery] 521 formation tickers
  [v4-discovery] hard screens: 514 survivors
  [v4-discovery] fitting factor model (PCA on daily returns)...
  [v4-discovery] running pairwise Johansen on 514 tickers (131841 pairs)...
  [v4-discovery] pairwise tests done: 131841 candidates
WARNING FALLBACK CAP: kept top 500 by p-value
  Fold 18 [2024-06]: discovery: 72 pairs after beta>0 | cum_var=0.356
  Fold 18 [2024-06]: slicing daily cache for trading 2024-06-01 .. 2024-06-30
  Fold 18 [2024-06]: daily trading: 520 tickers
  Fold 18 [2024-06]: trading residual: 19 bars x 514 tickers
  Fold 18 [2024-06]: complete in 46.2s | n_trades=48, sharpe=-2.515, total_return=-0.0023, exits z/sl/open=14/2/34
  Fold 19 [2024-07]: slicing daily cache for formation 2023-07-01 .. 2024-06-30
  Fold 19 [2024-07]: daily formation: 520 tickers
  [v4-discovery] 520 formation tickers
  [v4-discovery] hard screens: 514 survivors
  [v4-discovery] fitting factor model (PCA on daily returns)...
  [v4-discovery] running pairwise Johansen on 514 tickers (131841 pairs)...
  [v4-discovery] pairwise tests done: 131841 candidates
WARNING FALLBACK CAP: kept top 500 by p-value
  Fold 19 [2024-07]: discovery: 58 pairs after beta>0 | cum_var=0.514
  Fold 19 [2024-07]: slicing daily cache for trading 2024-07-01 .. 2024-07-31
  Fold 19 [2024-07]: daily trading: 521 tickers
  Fold 19 [2024-07]: trading residual: 22 bars x 514 tickers
  Fold 19 [2024-07]: complete in 54.6s | n_trades=63, sharpe=+0.188, total_return=+0.0004, exits z/sl/open=23/5/38
  Fold 20 [2024-08]: slicing daily cache for formation 2023-08-01 .. 2024-07-31
  Fold 20 [2024-08]: daily formation: 521 tickers
  [v4-discovery] 521 formation tickers
  [v4-discovery] hard screens: 515 survivors
  [v4-discovery] fitting factor model (PCA on daily returns)...
  [v4-discovery] running pairwise Johansen on 515 tickers (132355 pairs)...
  [v4-discovery] pairwise tests done: 132355 candidates
WARNING FALLBACK CAP: kept top 500 by p-value
  Fold 20 [2024-08]: discovery: 50 pairs after beta>0 | cum_var=0.536
  Fold 20 [2024-08]: slicing daily cache for trading 2024-08-01 .. 2024-08-31
  Fold 20 [2024-08]: daily trading: 521 tickers
  Fold 20 [2024-08]: trading residual: 22 bars x 515 tickers
  Fold 20 [2024-08]: complete in 34.6s | n_trades=56, sharpe=+0.480, total_return=+0.0013, exits z/sl/open=18/2/39
  Fold 21 [2024-09]: slicing daily cache for formation 2023-09-01 .. 2024-08-31
  Fold 21 [2024-09]: daily formation: 521 tickers
  [v4-discovery] 521 formation tickers
  [v4-discovery] hard screens: 517 survivors
  [v4-discovery] fitting factor model (PCA on daily returns)...
  [v4-discovery] running pairwise Johansen on 517 tickers (133386 pairs)...
  [v4-discovery] pairwise tests done: 133386 candidates
WARNING FALLBACK CAP: kept top 500 by p-value
  Fold 21 [2024-09]: discovery: 82 pairs after beta>0 | cum_var=0.537
  Fold 21 [2024-09]: slicing daily cache for trading 2024-09-01 .. 2024-09-30
  Fold 21 [2024-09]: daily trading: 521 tickers
  Fold 21 [2024-09]: trading residual: 20 bars x 517 tickers
  Fold 21 [2024-09]: complete in 33.5s | n_trades=59, sharpe=-2.786, total_return=-0.0061, exits z/sl/open=16/1/42
  Fold 22 [2024-10]: slicing daily cache for formation 2023-10-01 .. 2024-09-30
  Fold 22 [2024-10]: daily formation: 521 tickers
  [v4-discovery] 521 formation tickers
  [v4-discovery] hard screens: 517 survivors
  [v4-discovery] fitting factor model (PCA on daily returns)...
  [v4-discovery] running pairwise Johansen on 517 tickers (133386 pairs)...
  [v4-discovery] pairwise tests done: 133386 candidates
WARNING FALLBACK CAP: kept top 500 by p-value
  Fold 22 [2024-10]: discovery: 55 pairs after beta>0 | cum_var=0.501
  Fold 22 [2024-10]: slicing daily cache for trading 2024-10-01 .. 2024-10-31
  Fold 22 [2024-10]: daily trading: 522 tickers
  Fold 22 [2024-10]: trading residual: 23 bars x 517 tickers
  Fold 22 [2024-10]: complete in 36.4s | n_trades=58, sharpe=-7.403, total_return=-0.0155, exits z/sl/open=17/2/43
  Fold 23 [2024-11]: slicing daily cache for formation 2023-11-01 .. 2024-10-31
  Fold 23 [2024-11]: daily formation: 522 tickers
  [v4-discovery] 522 formation tickers
  [v4-discovery] hard screens: 517 survivors
  [v4-discovery] fitting factor model (PCA on daily returns)...
  [v4-discovery] running pairwise Johansen on 517 tickers (133386 pairs)...
  [v4-discovery] pairwise tests done: 133386 candidates
WARNING FALLBACK CAP: kept top 500 by p-value
  Fold 23 [2024-11]: discovery: 42 pairs after beta>0 | cum_var=0.475
  Fold 23 [2024-11]: slicing daily cache for trading 2024-11-01 .. 2024-11-30
  Fold 23 [2024-11]: daily trading: 522 tickers
  Fold 23 [2024-11]: trading residual: 20 bars x 517 tickers
  Fold 23 [2024-11]: complete in 37.0s | n_trades=31, sharpe=-7.618, total_return=-0.0150, exits z/sl/open=4/4/24
  Fold 24 [2024-12]: slicing daily cache for formation 2023-12-01 .. 2024-11-30
  Fold 24 [2024-12]: daily formation: 522 tickers
  [v4-discovery] 522 formation tickers
  [v4-discovery] hard screens: 517 survivors
  [v4-discovery] fitting factor model (PCA on daily returns)...
  [v4-discovery] running pairwise Johansen on 517 tickers (133386 pairs)...
  [v4-discovery] pairwise tests done: 133386 candidates
WARNING FALLBACK CAP: kept top 500 by p-value
  Fold 24 [2024-12]: discovery: 33 pairs after beta>0 | cum_var=0.466
  Fold 24 [2024-12]: slicing daily cache for trading 2024-12-01 .. 2024-12-31
  Fold 24 [2024-12]: daily trading: 522 tickers
  Fold 24 [2024-12]: trading residual: 21 bars x 517 tickers
  Fold 24 [2024-12]: complete in 38.9s | n_trades=19, sharpe=-0.098, total_return=-0.0002, exits z/sl/open=3/0/17
  Fold 25 [2025-01]: slicing daily cache for formation 2024-01-01 .. 2024-12-31
  Fold 25 [2025-01]: daily formation: 522 tickers
  [v4-discovery] 522 formation tickers
  [v4-discovery] hard screens: 517 survivors
  [v4-discovery] fitting factor model (PCA on daily returns)...
  [v4-discovery] running pairwise Johansen on 517 tickers (133386 pairs)...
  [v4-discovery] pairwise tests done: 133386 candidates
WARNING FALLBACK CAP: kept top 500 by p-value
  Fold 25 [2025-01]: discovery: 56 pairs after beta>0 | cum_var=0.440
  Fold 25 [2025-01]: slicing daily cache for trading 2025-01-01 .. 2025-01-31
  Fold 25 [2025-01]: daily trading: 523 tickers
  Fold 25 [2025-01]: trading residual: 20 bars x 517 tickers
  Fold 25 [2025-01]: complete in 36.4s | n_trades=50, sharpe=-6.299, total_return=-0.0129, exits z/sl/open=8/0/43
  Fold 26 [2025-02]: slicing daily cache for formation 2024-02-01 .. 2025-01-31
  Fold 26 [2025-02]: daily formation: 523 tickers
  [v4-discovery] 523 formation tickers
  [v4-discovery] hard screens: 517 survivors
  [v4-discovery] fitting factor model (PCA on daily returns)...
  [v4-discovery] running pairwise Johansen on 517 tickers (133386 pairs)...
  [v4-discovery] pairwise tests done: 133386 candidates
WARNING FALLBACK CAP: kept top 500 by p-value
  Fold 26 [2025-02]: discovery: 127 pairs after beta>0 | cum_var=0.435
  Fold 26 [2025-02]: slicing daily cache for trading 2025-02-01 .. 2025-02-28
  Fold 26 [2025-02]: daily trading: 524 tickers
  Fold 26 [2025-02]: trading residual: 19 bars x 517 tickers
  Fold 26 [2025-02]: complete in 35.8s | n_trades=40, sharpe=+1.651, total_return=+0.0047, exits z/sl/open=14/0/27
  Fold 27 [2025-03]: slicing daily cache for formation 2024-03-01 .. 2025-02-28
  Fold 27 [2025-03]: daily formation: 524 tickers
  [v4-discovery] 524 formation tickers
  [v4-discovery] hard screens: 520 survivors
  [v4-discovery] fitting factor model (PCA on daily returns)...
  [v4-discovery] running pairwise Johansen on 520 tickers (134940 pairs)...
  [v4-discovery] pairwise tests done: 134940 candidates
WARNING FALLBACK CAP: kept top 500 by p-value
  Fold 27 [2025-03]: discovery: 93 pairs after beta>0 | cum_var=0.458
  Fold 27 [2025-03]: slicing daily cache for trading 2025-03-01 .. 2025-03-31
  Fold 27 [2025-03]: daily trading: 524 tickers
  Fold 27 [2025-03]: trading residual: 21 bars x 520 tickers
  Fold 27 [2025-03]: complete in 36.8s | n_trades=45, sharpe=-0.459, total_return=-0.0010, exits z/sl/open=13/0/32
  Fold 28 [2025-04]: slicing daily cache for formation 2024-04-01 .. 2025-03-31
  Fold 28 [2025-04]: daily formation: 524 tickers
  [v4-discovery] 524 formation tickers
  [v4-discovery] hard screens: 520 survivors
  [v4-discovery] fitting factor model (PCA on daily returns)...
  [v4-discovery] running pairwise Johansen on 520 tickers (134940 pairs)...
  [v4-discovery] pairwise tests done: 134940 candidates
WARNING FALLBACK CAP: kept top 500 by p-value
  Fold 28 [2025-04]: discovery: 72 pairs after beta>0 | cum_var=0.455
  Fold 28 [2025-04]: slicing daily cache for trading 2025-04-01 .. 2025-04-30
  Fold 28 [2025-04]: daily trading: 524 tickers
  Fold 28 [2025-04]: trading residual: 21 bars x 520 tickers
  Fold 28 [2025-04]: complete in 44.0s | n_trades=56, sharpe=+2.238, total_return=+0.0125, exits z/sl/open=24/0/32
  Fold 29 [2025-05]: slicing daily cache for formation 2024-05-01 .. 2025-04-30
  Fold 29 [2025-05]: daily formation: 524 tickers
  [v4-discovery] 524 formation tickers
  [v4-discovery] hard screens: 520 survivors
  [v4-discovery] fitting factor model (PCA on daily returns)...
  [v4-discovery] running pairwise Johansen on 520 tickers (134940 pairs)...
  [v4-discovery] pairwise tests done: 134940 candidates
WARNING FALLBACK CAP: kept top 500 by p-value
  Fold 29 [2025-05]: discovery: 88 pairs after beta>0 | cum_var=0.502
  Fold 29 [2025-05]: slicing daily cache for trading 2025-05-01 .. 2025-05-31
  Fold 29 [2025-05]: daily trading: 524 tickers
  Fold 29 [2025-05]: trading residual: 21 bars x 520 tickers
  Fold 29 [2025-05]: complete in 36.7s | n_trades=26, sharpe=+0.204, total_return=+0.0004, exits z/sl/open=4/0/22
  Fold 30 [2025-06]: slicing daily cache for formation 2024-06-01 .. 2025-05-31
  Fold 30 [2025-06]: daily formation: 524 tickers
  [v4-discovery] 524 formation tickers
  [v4-discovery] hard screens: 521 survivors
  [v4-discovery] fitting factor model (PCA on daily returns)...
  [v4-discovery] running pairwise Johansen on 521 tickers (135460 pairs)...
  [v4-discovery] pairwise tests done: 135460 candidates
WARNING FALLBACK CAP: kept top 500 by p-value
  Fold 30 [2025-06]: discovery: 140 pairs after beta>0 | cum_var=0.501
  Fold 30 [2025-06]: slicing daily cache for trading 2025-06-01 .. 2025-06-30
  Fold 30 [2025-06]: daily trading: 524 tickers
  Fold 30 [2025-06]: trading residual: 20 bars x 521 tickers
  Fold 30 [2025-06]: complete in 35.5s | n_trades=38, sharpe=+2.874, total_return=+0.0046, exits z/sl/open=11/0/27
  Fold 31 [2025-07]: slicing daily cache for formation 2024-07-01 .. 2025-06-30
  Fold 31 [2025-07]: daily formation: 524 tickers
  [v4-discovery] 524 formation tickers
  [v4-discovery] hard screens: 521 survivors
  [v4-discovery] fitting factor model (PCA on daily returns)...
  [v4-discovery] running pairwise Johansen on 521 tickers (135460 pairs)...
  [v4-discovery] pairwise tests done: 135460 candidates
WARNING FALLBACK CAP: kept top 500 by p-value
  Fold 31 [2025-07]: discovery: 113 pairs after beta>0 | cum_var=0.483
  Fold 31 [2025-07]: slicing daily cache for trading 2025-07-01 .. 2025-07-31
  Fold 31 [2025-07]: daily trading: 524 tickers
  Fold 31 [2025-07]: trading residual: 22 bars x 521 tickers
  Fold 31 [2025-07]: complete in 35.0s | n_trades=53, sharpe=+2.366, total_return=+0.0326, exits z/sl/open=17/4/36
  Fold 32 [2025-08]: slicing daily cache for formation 2024-08-01 .. 2025-07-31
  Fold 32 [2025-08]: daily formation: 524 tickers
  [v4-discovery] 524 formation tickers
  [v4-discovery] hard screens: 521 survivors
  [v4-discovery] fitting factor model (PCA on daily returns)...
  [v4-discovery] running pairwise Johansen on 521 tickers (135460 pairs)...
  [v4-discovery] pairwise tests done: 135460 candidates
WARNING FALLBACK CAP: kept top 500 by p-value
  Fold 32 [2025-08]: discovery: 76 pairs after beta>0 | cum_var=0.489
  Fold 32 [2025-08]: slicing daily cache for trading 2025-08-01 .. 2025-08-31
  Fold 32 [2025-08]: daily trading: 525 tickers
  Fold 32 [2025-08]: trading residual: 21 bars x 521 tickers
  Fold 32 [2025-08]: complete in 36.3s | n_trades=70, sharpe=-0.698, total_return=-0.0036, exits z/sl/open=22/8/45
  Fold 33 [2025-09]: slicing daily cache for formation 2024-09-01 .. 2025-08-31
  Fold 33 [2025-09]: daily formation: 525 tickers
  [v4-discovery] 525 formation tickers
  [v4-discovery] hard screens: 522 survivors
  [v4-discovery] fitting factor model (PCA on daily returns)...
  [v4-discovery] running pairwise Johansen on 522 tickers (135981 pairs)...
  [v4-discovery] pairwise tests done: 135981 candidates
WARNING FALLBACK CAP: kept top 500 by p-value
  Fold 33 [2025-09]: discovery: 48 pairs after beta>0 | cum_var=0.503
  Fold 33 [2025-09]: slicing daily cache for trading 2025-09-01 .. 2025-09-30
  Fold 33 [2025-09]: daily trading: 525 tickers
  Fold 33 [2025-09]: trading residual: 21 bars x 522 tickers
  Fold 33 [2025-09]: complete in 35.8s | n_trades=40, sharpe=-3.615, total_return=-0.0096, exits z/sl/open=12/1/27
  Fold 34 [2025-10]: slicing daily cache for formation 2024-10-01 .. 2025-09-30
  Fold 34 [2025-10]: daily formation: 525 tickers
  [v4-discovery] 525 formation tickers
  [v4-discovery] hard screens: 522 survivors
  [v4-discovery] fitting factor model (PCA on daily returns)...
  [v4-discovery] running pairwise Johansen on 522 tickers (135981 pairs)...
  [v4-discovery] pairwise tests done: 135981 candidates
WARNING FALLBACK CAP: kept top 500 by p-value
  Fold 34 [2025-10]: discovery: 44 pairs after beta>0 | cum_var=0.488
  Fold 34 [2025-10]: slicing daily cache for trading 2025-10-01 .. 2025-10-31
  Fold 34 [2025-10]: daily trading: 525 tickers
  Fold 34 [2025-10]: trading residual: 23 bars x 522 tickers
  Fold 34 [2025-10]: complete in 34.8s | n_trades=40, sharpe=-0.596, total_return=-0.0041, exits z/sl/open=10/3/28
  Fold 35 [2025-11]: slicing daily cache for formation 2024-11-01 .. 2025-10-31
  Fold 35 [2025-11]: daily formation: 525 tickers
  [v4-discovery] 525 formation tickers
  [v4-discovery] hard screens: 522 survivors
  [v4-discovery] fitting factor model (PCA on daily returns)...
  [v4-discovery] running pairwise Johansen on 522 tickers (135981 pairs)...
  [v4-discovery] pairwise tests done: 135981 candidates
WARNING FALLBACK CAP: kept top 500 by p-value
  Fold 35 [2025-11]: discovery: 52 pairs after beta>0 | cum_var=0.483
  Fold 35 [2025-11]: slicing daily cache for trading 2025-11-01 .. 2025-11-30
  Fold 35 [2025-11]: daily trading: 527 tickers
  Fold 35 [2025-11]: trading residual: 19 bars x 522 tickers
  Fold 35 [2025-11]: complete in 32.6s | n_trades=38, sharpe=+2.512, total_return=+0.0045, exits z/sl/open=15/0/24
  Fold 36 [2025-12]: slicing daily cache for formation 2024-12-01 .. 2025-11-30
  Fold 36 [2025-12]: daily formation: 527 tickers
  [v4-discovery] 527 formation tickers
  [v4-discovery] hard screens: 522 survivors
  [v4-discovery] fitting factor model (PCA on daily returns)...
  [v4-discovery] running pairwise Johansen on 522 tickers (135981 pairs)...
  [v4-discovery] pairwise tests done: 135981 candidates
WARNING FALLBACK CAP: kept top 500 by p-value
  Fold 36 [2025-12]: discovery: 1 pairs after beta>0 | cum_var=0.496
  Fold 36 [2025-12]: slicing daily cache for trading 2025-12-01 .. 2025-12-31
  Fold 36 [2025-12]: daily trading: 527 tickers
  Fold 36 [2025-12]: trading residual: 22 bars x 522 tickers
  Fold 36 [2025-12]: complete in 33.9s | n_trades=0, sharpe=+0.000, total_return=+0.0000, exits z/sl/open=0/0/0
  Fold 37 [2026-01]: slicing daily cache for formation 2025-01-01 .. 2025-12-31
  Fold 37 [2026-01]: daily formation: 527 tickers
  [v4-discovery] 527 formation tickers
  [v4-discovery] hard screens: 523 survivors
  [v4-discovery] fitting factor model (PCA on daily returns)...
  [v4-discovery] running pairwise Johansen on 523 tickers (136503 pairs)...
  [v4-discovery] pairwise tests done: 136503 candidates
WARNING FALLBACK CAP: kept top 500 by p-value
  Fold 37 [2026-01]: discovery: 103 pairs after beta>0 | cum_var=0.496
  Fold 37 [2026-01]: slicing daily cache for trading 2026-01-01 .. 2026-01-31
  Fold 37 [2026-01]: daily trading: 528 tickers
  Fold 37 [2026-01]: trading residual: 20 bars x 523 tickers
  Fold 37 [2026-01]: complete in 35.6s | n_trades=78, sharpe=-1.305, total_return=-0.0088, exits z/sl/open=25/6/48
  Fold 38 [2026-02]: slicing daily cache for formation 2025-02-01 .. 2026-01-31
  Fold 38 [2026-02]: daily formation: 528 tickers
  [v4-discovery] 528 formation tickers
  [v4-discovery] hard screens: 524 survivors
  [v4-discovery] fitting factor model (PCA on daily returns)...
  [v4-discovery] running pairwise Johansen on 524 tickers (137026 pairs)...
  [v4-discovery] pairwise tests done: 137026 candidates
WARNING FALLBACK CAP: kept top 500 by p-value
  Fold 38 [2026-02]: discovery: 94 pairs after beta>0 | cum_var=0.482
  Fold 38 [2026-02]: slicing daily cache for trading 2026-02-01 .. 2026-02-28
  Fold 38 [2026-02]: daily trading: 528 tickers
  Fold 38 [2026-02]: trading residual: 19 bars x 524 tickers
  Fold 38 [2026-02]: complete in 35.5s | n_trades=74, sharpe=-2.858, total_return=-0.0138, exits z/sl/open=19/5/51
  Fold 39 [2026-03]: slicing daily cache for formation 2025-03-01 .. 2026-02-28
  Fold 39 [2026-03]: daily formation: 528 tickers
  [v4-discovery] 528 formation tickers
  [v4-discovery] hard screens: 524 survivors
  [v4-discovery] fitting factor model (PCA on daily returns)...
  [v4-discovery] running pairwise Johansen on 524 tickers (137026 pairs)...
  [v4-discovery] pairwise tests done: 137026 candidates
WARNING FALLBACK CAP: kept top 500 by p-value
  Fold 39 [2026-03]: discovery: 59 pairs after beta>0 | cum_var=0.462
  Fold 39 [2026-03]: slicing daily cache for trading 2026-03-01 .. 2026-03-31
  Fold 39 [2026-03]: daily trading: 528 tickers
  Fold 39 [2026-03]: trading residual: 14 bars x 524 tickers
  Fold 39 [2026-03]: complete in 33.7s | n_trades=34, sharpe=-3.107, total_return=-0.0118, exits z/sl/open=6/1/29

Combo ez1.5_hl10 done in 1422s
  mean Sharpe (all 39)=-1.028, median=-0.527, winners=16/38
  train (1-30): mean Sharpe=-1.058, OOS (31-39): mean Sharpe=-0.913

============================================================
[2/9] Combo: entry_z=1.5, hl_max=15.0 -> ez1.5_hl15
============================================================
  Fold 01 [2023-01]: slicing daily cache for formation 2022-01-01 .. 2022-12-31
  Fold 01 [2023-01]: daily formation: 511 tickers
  [v4-discovery] 511 formation tickers
  [v4-discovery] hard screens: 506 survivors
  [v4-discovery] fitting factor model (PCA on daily returns)...
  [v4-discovery] running pairwise Johansen on 506 tickers (127765 pairs)...
  [v4-discovery] pairwise tests done: 127765 candidates
WARNING FALLBACK CAP: kept top 500 by p-value
  Fold 01 [2023-01]: discovery: 124 pairs after beta>0 | cum_var=0.623
  Fold 01 [2023-01]: slicing daily cache for trading 2023-01-01 .. 2023-01-31
  Fold 01 [2023-01]: daily trading: 512 tickers
  Fold 01 [2023-01]: trading residual: 20 bars x 506 tickers
  Fold 01 [2023-01]: complete in 31.0s | n_trades=68, sharpe=+0.600, total_return=+0.0035, exits z/sl/open=25/0/47
  Fold 02 [2023-02]: slicing daily cache for formation 2022-02-01 .. 2023-01-31
  Fold 02 [2023-02]: daily formation: 512 tickers
  [v4-discovery] 512 formation tickers
  [v4-discovery] hard screens: 506 survivors
  [v4-discovery] fitting factor model (PCA on daily returns)...
  [v4-discovery] running pairwise Johansen on 506 tickers (127765 pairs)...
  [v4-discovery] pairwise tests done: 127765 candidates
WARNING FALLBACK CAP: kept top 500 by p-value
  Fold 02 [2023-02]: discovery: 119 pairs after beta>0 | cum_var=0.614
  Fold 02 [2023-02]: slicing daily cache for trading 2023-02-01 .. 2023-02-28
  Fold 02 [2023-02]: daily trading: 512 tickers
  Fold 02 [2023-02]: trading residual: 19 bars x 506 tickers
  Fold 02 [2023-02]: complete in 31.6s | n_trades=74, sharpe=+0.556, total_return=+0.0029, exits z/sl/open=17/3/55
  Fold 03 [2023-03]: slicing daily cache for formation 2022-03-01 .. 2023-02-28
  Fold 03 [2023-03]: daily formation: 512 tickers
  [v4-discovery] 512 formation tickers
  [v4-discovery] hard screens: 506 survivors
  [v4-discovery] fitting factor model (PCA on daily returns)...
  [v4-discovery] running pairwise Johansen on 506 tickers (127765 pairs)...
  [v4-discovery] pairwise tests done: 127765 candidates
WARNING FALLBACK CAP: kept top 500 by p-value
  Fold 03 [2023-03]: discovery: 148 pairs after beta>0 | cum_var=0.615
  Fold 03 [2023-03]: slicing daily cache for trading 2023-03-01 .. 2023-03-31
  Fold 03 [2023-03]: daily trading: 512 tickers
  Fold 03 [2023-03]: trading residual: 23 bars x 506 tickers
  Fold 03 [2023-03]: complete in 30.5s | n_trades=112, sharpe=-3.707, total_return=-0.0374, exits z/sl/open=21/14/79
  Fold 04 [2023-04]: slicing daily cache for formation 2022-04-01 .. 2023-03-31
  Fold 04 [2023-04]: daily formation: 512 tickers
  [v4-discovery] 512 formation tickers
  [v4-discovery] hard screens: 507 survivors
  [v4-discovery] fitting factor model (PCA on daily returns)...
  [v4-discovery] running pairwise Johansen on 507 tickers (128271 pairs)...
  [v4-discovery] pairwise tests done: 128271 candidates
WARNING FALLBACK CAP: kept top 500 by p-value
  Fold 04 [2023-04]: discovery: 90 pairs after beta>0 | cum_var=0.616
  Fold 04 [2023-04]: slicing daily cache for trading 2023-04-01 .. 2023-04-30
  Fold 04 [2023-04]: daily trading: 512 tickers
  Fold 04 [2023-04]: trading residual: 19 bars x 507 tickers
  Fold 04 [2023-04]: complete in 32.3s | n_trades=49, sharpe=+0.905, total_return=+0.0100, exits z/sl/open=17/0/34
  Fold 05 [2023-05]: slicing daily cache for formation 2022-05-01 .. 2023-04-30
  Fold 05 [2023-05]: daily formation: 512 tickers
  [v4-discovery] 512 formation tickers
  [v4-discovery] hard screens: 508 survivors
  [v4-discovery] fitting factor model (PCA on daily returns)...
  [v4-discovery] running pairwise Johansen on 508 tickers (128778 pairs)...
  [v4-discovery] pairwise tests done: 128778 candidates
WARNING FALLBACK CAP: kept top 500 by p-value
  Fold 05 [2023-05]: discovery: 118 pairs after beta>0 | cum_var=0.612
  Fold 05 [2023-05]: slicing daily cache for trading 2023-05-01 .. 2023-05-31
  Fold 05 [2023-05]: daily trading: 514 tickers
  Fold 05 [2023-05]: trading residual: 22 bars x 508 tickers
  Fold 05 [2023-05]: complete in 32.2s | n_trades=20, sharpe=-1.950, total_return=-0.0126, exits z/sl/open=5/0/16
  Fold 06 [2023-06]: slicing daily cache for formation 2022-06-01 .. 2023-05-31
  Fold 06 [2023-06]: daily formation: 514 tickers
  [v4-discovery] 514 formation tickers
  [v4-discovery] hard screens: 510 survivors
  [v4-discovery] fitting factor model (PCA on daily returns)...
  [v4-discovery] running pairwise Johansen on 510 tickers (129795 pairs)...
  [v4-discovery] pairwise tests done: 129795 candidates
WARNING FALLBACK CAP: kept top 500 by p-value
  Fold 06 [2023-06]: discovery: 121 pairs after beta>0 | cum_var=0.596
  Fold 06 [2023-06]: slicing daily cache for trading 2023-06-01 .. 2023-06-30
  Fold 06 [2023-06]: daily trading: 514 tickers
  Fold 06 [2023-06]: trading residual: 21 bars x 510 tickers
  Fold 06 [2023-06]: complete in 33.0s | n_trades=85, sharpe=+0.834, total_return=+0.0037, exits z/sl/open=21/1/63
  Fold 07 [2023-07]: slicing daily cache for formation 2022-07-01 .. 2023-06-30
  Fold 07 [2023-07]: daily formation: 514 tickers
  [v4-discovery] 514 formation tickers
  [v4-discovery] hard screens: 510 survivors
  [v4-discovery] fitting factor model (PCA on daily returns)...
  [v4-discovery] running pairwise Johansen on 510 tickers (129795 pairs)...
  [v4-discovery] pairwise tests done: 129795 candidates
WARNING FALLBACK CAP: kept top 500 by p-value
  Fold 07 [2023-07]: discovery: 123 pairs after beta>0 | cum_var=0.595
  Fold 07 [2023-07]: slicing daily cache for trading 2023-07-01 .. 2023-07-31
  Fold 07 [2023-07]: daily trading: 514 tickers
  Fold 07 [2023-07]: trading residual: 20 bars x 509 tickers
  Fold 07 [2023-07]: complete in 33.1s | n_trades=77, sharpe=+0.005, total_return=+0.0005, exits z/sl/open=24/1/54
  Fold 08 [2023-08]: slicing daily cache for formation 2022-08-01 .. 2023-07-31
  Fold 08 [2023-08]: daily formation: 515 tickers
  [v4-discovery] 515 formation tickers
  [v4-discovery] hard screens: 509 survivors
  [v4-discovery] fitting factor model (PCA on daily returns)...
  [v4-discovery] running pairwise Johansen on 509 tickers (129286 pairs)...
  [v4-discovery] pairwise tests done: 129286 candidates
WARNING FALLBACK CAP: kept top 500 by p-value
  Fold 08 [2023-08]: discovery: 52 pairs after beta>0 | cum_var=0.491
  Fold 08 [2023-08]: slicing daily cache for trading 2023-08-01 .. 2023-08-31
  Fold 08 [2023-08]: daily trading: 515 tickers
  Fold 08 [2023-08]: trading residual: 23 bars x 509 tickers
  Fold 08 [2023-08]: complete in 31.6s | n_trades=6, sharpe=-4.346, total_return=-0.0065, exits z/sl/open=2/0/4
  Fold 09 [2023-09]: slicing daily cache for formation 2022-09-01 .. 2023-08-31
  Fold 09 [2023-09]: daily formation: 516 tickers
  [v4-discovery] 516 formation tickers
  [v4-discovery] hard screens: 509 survivors
  [v4-discovery] fitting factor model (PCA on daily returns)...
  [v4-discovery] running pairwise Johansen on 509 tickers (129286 pairs)...
  [v4-discovery] pairwise tests done: 129286 candidates
WARNING FALLBACK CAP: kept top 500 by p-value
  Fold 09 [2023-09]: discovery: 227 pairs after beta>0 | cum_var=0.489
  Fold 09 [2023-09]: slicing daily cache for trading 2023-09-01 .. 2023-09-30
  Fold 09 [2023-09]: daily trading: 516 tickers
  Fold 09 [2023-09]: trading residual: 20 bars x 509 tickers
  Fold 09 [2023-09]: complete in 31.1s | n_trades=31, sharpe=-4.013, total_return=-0.2830, exits z/sl/open=5/0/27
  Fold 10 [2023-10]: slicing daily cache for formation 2022-10-01 .. 2023-09-30
  Fold 10 [2023-10]: daily formation: 517 tickers
  [v4-discovery] 517 formation tickers
  [v4-discovery] hard screens: 509 survivors
  [v4-discovery] fitting factor model (PCA on daily returns)...
  [v4-discovery] running pairwise Johansen on 509 tickers (129286 pairs)...
  [v4-discovery] pairwise tests done: 129286 candidates
WARNING FALLBACK CAP: kept top 500 by p-value
  Fold 10 [2023-10]: discovery: 121 pairs after beta>0 | cum_var=0.480
  Fold 10 [2023-10]: slicing daily cache for trading 2023-10-01 .. 2023-10-31
  Fold 10 [2023-10]: daily trading: 517 tickers
  Fold 10 [2023-10]: trading residual: 22 bars x 509 tickers
  Fold 10 [2023-10]: complete in 31.5s | n_trades=52, sharpe=+1.994, total_return=+0.1824, exits z/sl/open=27/0/28
  Fold 11 [2023-11]: slicing daily cache for formation 2022-11-01 .. 2023-10-31
  Fold 11 [2023-11]: daily formation: 518 tickers
  [v4-discovery] 518 formation tickers
  [v4-discovery] hard screens: 510 survivors
  [v4-discovery] fitting factor model (PCA on daily returns)...
  [v4-discovery] running pairwise Johansen on 510 tickers (129795 pairs)...
  [v4-discovery] pairwise tests done: 129795 candidates
WARNING FALLBACK CAP: kept top 500 by p-value
  Fold 11 [2023-11]: discovery: 163 pairs after beta>0 | cum_var=0.468
  Fold 11 [2023-11]: slicing daily cache for trading 2023-11-01 .. 2023-11-30
  Fold 11 [2023-11]: daily trading: 517 tickers
  Fold 11 [2023-11]: trading residual: 21 bars x 510 tickers
  Fold 11 [2023-11]: complete in 31.6s | n_trades=66, sharpe=-2.891, total_return=-0.0243, exits z/sl/open=11/2/54
  Fold 12 [2023-12]: slicing daily cache for formation 2022-12-01 .. 2023-11-30
  Fold 12 [2023-12]: daily formation: 518 tickers
  [v4-discovery] 518 formation tickers
  [v4-discovery] hard screens: 511 survivors
  [v4-discovery] fitting factor model (PCA on daily returns)...
  [v4-discovery] running pairwise Johansen on 511 tickers (130305 pairs)...
  [v4-discovery] pairwise tests done: 130305 candidates
WARNING FALLBACK CAP: kept top 500 by p-value
  Fold 12 [2023-12]: discovery: 113 pairs after beta>0 | cum_var=0.422
  Fold 12 [2023-12]: slicing daily cache for trading 2023-12-01 .. 2023-12-31
  Fold 12 [2023-12]: daily trading: 517 tickers
  Fold 12 [2023-12]: trading residual: 20 bars x 511 tickers
  Fold 12 [2023-12]: complete in 33.5s | n_trades=72, sharpe=-0.543, total_return=-0.0021, exits z/sl/open=23/2/48
  Fold 13 [2024-01]: slicing daily cache for formation 2023-01-01 .. 2023-12-31
  Fold 13 [2024-01]: daily formation: 518 tickers
  [v4-discovery] 518 formation tickers
  [v4-discovery] hard screens: 511 survivors
  [v4-discovery] fitting factor model (PCA on daily returns)...
  [v4-discovery] running pairwise Johansen on 511 tickers (130305 pairs)...
  [v4-discovery] pairwise tests done: 130305 candidates
WARNING FALLBACK CAP: kept top 500 by p-value
  Fold 13 [2024-01]: discovery: 139 pairs after beta>0 | cum_var=0.423
  Fold 13 [2024-01]: slicing daily cache for trading 2024-01-01 .. 2024-01-31
  Fold 13 [2024-01]: daily trading: 517 tickers
  Fold 13 [2024-01]: trading residual: 21 bars x 511 tickers
  Fold 13 [2024-01]: complete in 33.6s | n_trades=106, sharpe=-0.754, total_return=-0.0075, exits z/sl/open=38/5/63
  Fold 14 [2024-02]: slicing daily cache for formation 2023-02-01 .. 2024-01-31
  Fold 14 [2024-02]: daily formation: 518 tickers
  [v4-discovery] 518 formation tickers
  [v4-discovery] hard screens: 511 survivors
  [v4-discovery] fitting factor model (PCA on daily returns)...
  [v4-discovery] running pairwise Johansen on 511 tickers (130305 pairs)...
  [v4-discovery] pairwise tests done: 130305 candidates
WARNING FALLBACK CAP: kept top 500 by p-value
  Fold 14 [2024-02]: discovery: 184 pairs after beta>0 | cum_var=0.411
  Fold 14 [2024-02]: slicing daily cache for trading 2024-02-01 .. 2024-02-29
  Fold 14 [2024-02]: daily trading: 517 tickers
  Fold 14 [2024-02]: trading residual: 20 bars x 511 tickers
  Fold 14 [2024-02]: complete in 33.3s | n_trades=58, sharpe=-0.195, total_return=-0.0008, exits z/sl/open=22/2/34
  Fold 15 [2024-03]: slicing daily cache for formation 2023-03-01 .. 2024-02-29
  Fold 15 [2024-03]: daily formation: 518 tickers
  [v4-discovery] 518 formation tickers
  [v4-discovery] hard screens: 511 survivors
  [v4-discovery] fitting factor model (PCA on daily returns)...
  [v4-discovery] running pairwise Johansen on 511 tickers (130305 pairs)...
  [v4-discovery] pairwise tests done: 130305 candidates
WARNING FALLBACK CAP: kept top 500 by p-value
  Fold 15 [2024-03]: discovery: 138 pairs after beta>0 | cum_var=0.399
  Fold 15 [2024-03]: slicing daily cache for trading 2024-03-01 .. 2024-03-31
  Fold 15 [2024-03]: daily trading: 518 tickers
  Fold 15 [2024-03]: trading residual: 19 bars x 511 tickers
  Fold 15 [2024-03]: complete in 32.1s | n_trades=71, sharpe=+2.852, total_return=+0.0619, exits z/sl/open=13/1/57
  Fold 16 [2024-04]: slicing daily cache for formation 2023-04-01 .. 2024-03-31
  Fold 16 [2024-04]: daily formation: 519 tickers
  [v4-discovery] 519 formation tickers
  [v4-discovery] hard screens: 512 survivors
  [v4-discovery] fitting factor model (PCA on daily returns)...
  [v4-discovery] running pairwise Johansen on 512 tickers (130816 pairs)...
  [v4-discovery] pairwise tests done: 130816 candidates
WARNING FALLBACK CAP: kept top 500 by p-value
  Fold 16 [2024-04]: discovery: 127 pairs after beta>0 | cum_var=0.372
  Fold 16 [2024-04]: slicing daily cache for trading 2024-04-01 .. 2024-04-30
  Fold 16 [2024-04]: daily trading: 520 tickers
  Fold 16 [2024-04]: trading residual: 22 bars x 512 tickers
  Fold 16 [2024-04]: complete in 34.2s | n_trades=69, sharpe=-2.752, total_return=-0.0160, exits z/sl/open=21/2/47
  Fold 17 [2024-05]: slicing daily cache for formation 2023-05-01 .. 2024-04-30
  Fold 17 [2024-05]: daily formation: 521 tickers
  [v4-discovery] 521 formation tickers
  [v4-discovery] hard screens: 513 survivors
  [v4-discovery] fitting factor model (PCA on daily returns)...
  [v4-discovery] running pairwise Johansen on 513 tickers (131328 pairs)...
  [v4-discovery] pairwise tests done: 131328 candidates
WARNING FALLBACK CAP: kept top 500 by p-value
  Fold 17 [2024-05]: discovery: 114 pairs after beta>0 | cum_var=0.366
  Fold 17 [2024-05]: slicing daily cache for trading 2024-05-01 .. 2024-05-31
  Fold 17 [2024-05]: daily trading: 520 tickers
  Fold 17 [2024-05]: trading residual: 22 bars x 513 tickers
  Fold 17 [2024-05]: complete in 37.6s | n_trades=82, sharpe=-6.107, total_return=-0.0421, exits z/sl/open=16/5/61
  Fold 18 [2024-06]: slicing daily cache for formation 2023-06-01 .. 2024-05-31
  Fold 18 [2024-06]: daily formation: 521 tickers
  [v4-discovery] 521 formation tickers
  [v4-discovery] hard screens: 514 survivors
  [v4-discovery] fitting factor model (PCA on daily returns)...
  [v4-discovery] running pairwise Johansen on 514 tickers (131841 pairs)...
  [v4-discovery] pairwise tests done: 131841 candidates
WARNING FALLBACK CAP: kept top 500 by p-value
  Fold 18 [2024-06]: discovery: 133 pairs after beta>0 | cum_var=0.356
  Fold 18 [2024-06]: slicing daily cache for trading 2024-06-01 .. 2024-06-30
  Fold 18 [2024-06]: daily trading: 520 tickers
  Fold 18 [2024-06]: trading residual: 19 bars x 514 tickers
  Fold 18 [2024-06]: complete in 32.9s | n_trades=69, sharpe=-2.272, total_return=-0.0116, exits z/sl/open=18/2/51
  Fold 19 [2024-07]: slicing daily cache for formation 2023-07-01 .. 2024-06-30
  Fold 19 [2024-07]: daily formation: 520 tickers
  [v4-discovery] 520 formation tickers
  [v4-discovery] hard screens: 514 survivors
  [v4-discovery] fitting factor model (PCA on daily returns)...
  [v4-discovery] running pairwise Johansen on 514 tickers (131841 pairs)...
  [v4-discovery] pairwise tests done: 131841 candidates
WARNING FALLBACK CAP: kept top 500 by p-value
  Fold 19 [2024-07]: discovery: 113 pairs after beta>0 | cum_var=0.514
  Fold 19 [2024-07]: slicing daily cache for trading 2024-07-01 .. 2024-07-31
  Fold 19 [2024-07]: daily trading: 521 tickers
  Fold 19 [2024-07]: trading residual: 22 bars x 514 tickers
  Fold 19 [2024-07]: complete in 34.7s | n_trades=88, sharpe=-0.518, total_return=-0.0020, exits z/sl/open=28/8/56
  Fold 20 [2024-08]: slicing daily cache for formation 2023-08-01 .. 2024-07-31
  Fold 20 [2024-08]: daily formation: 521 tickers
  [v4-discovery] 521 formation tickers
  [v4-discovery] hard screens: 515 survivors
  [v4-discovery] fitting factor model (PCA on daily returns)...
  [v4-discovery] running pairwise Johansen on 515 tickers (132355 pairs)...
  [v4-discovery] pairwise tests done: 132355 candidates
WARNING FALLBACK CAP: kept top 500 by p-value
  Fold 20 [2024-08]: discovery: 98 pairs after beta>0 | cum_var=0.536
  Fold 20 [2024-08]: slicing daily cache for trading 2024-08-01 .. 2024-08-31
  Fold 20 [2024-08]: daily trading: 521 tickers
  Fold 20 [2024-08]: trading residual: 22 bars x 515 tickers
  Fold 20 [2024-08]: complete in 30.9s | n_trades=83, sharpe=-2.816, total_return=-0.0322, exits z/sl/open=22/4/60
  Fold 21 [2024-09]: slicing daily cache for formation 2023-09-01 .. 2024-08-31
  Fold 21 [2024-09]: daily formation: 521 tickers
  [v4-discovery] 521 formation tickers
  [v4-discovery] hard screens: 517 survivors
  [v4-discovery] fitting factor model (PCA on daily returns)...
  [v4-discovery] running pairwise Johansen on 517 tickers (133386 pairs)...
  [v4-discovery] pairwise tests done: 133386 candidates
WARNING FALLBACK CAP: kept top 500 by p-value
  Fold 21 [2024-09]: discovery: 137 pairs after beta>0 | cum_var=0.537
  Fold 21 [2024-09]: slicing daily cache for trading 2024-09-01 .. 2024-09-30
  Fold 21 [2024-09]: daily trading: 521 tickers
  Fold 21 [2024-09]: trading residual: 20 bars x 517 tickers
  Fold 21 [2024-09]: complete in 37.3s | n_trades=95, sharpe=-2.150, total_return=-0.0081, exits z/sl/open=25/1/69
  Fold 22 [2024-10]: slicing daily cache for formation 2023-10-01 .. 2024-09-30
  Fold 22 [2024-10]: daily formation: 521 tickers
  [v4-discovery] 521 formation tickers
  [v4-discovery] hard screens: 517 survivors
  [v4-discovery] fitting factor model (PCA on daily returns)...
  [v4-discovery] running pairwise Johansen on 517 tickers (133386 pairs)...
  [v4-discovery] pairwise tests done: 133386 candidates
WARNING FALLBACK CAP: kept top 500 by p-value
  Fold 22 [2024-10]: discovery: 116 pairs after beta>0 | cum_var=0.501
  Fold 22 [2024-10]: slicing daily cache for trading 2024-10-01 .. 2024-10-31
  Fold 22 [2024-10]: daily trading: 522 tickers
  Fold 22 [2024-10]: trading residual: 23 bars x 517 tickers
  Fold 22 [2024-10]: complete in 28.4s | n_trades=112, sharpe=-6.129, total_return=-0.0252, exits z/sl/open=31/6/79
  Fold 23 [2024-11]: slicing daily cache for formation 2023-11-01 .. 2024-10-31
  Fold 23 [2024-11]: daily formation: 522 tickers
  [v4-discovery] 522 formation tickers
  [v4-discovery] hard screens: 517 survivors
  [v4-discovery] fitting factor model (PCA on daily returns)...
  [v4-discovery] running pairwise Johansen on 517 tickers (133386 pairs)...
  [v4-discovery] pairwise tests done: 133386 candidates
WARNING FALLBACK CAP: kept top 500 by p-value
  Fold 23 [2024-11]: discovery: 85 pairs after beta>0 | cum_var=0.475
  Fold 23 [2024-11]: slicing daily cache for trading 2024-11-01 .. 2024-11-30
  Fold 23 [2024-11]: daily trading: 522 tickers
  Fold 23 [2024-11]: trading residual: 20 bars x 517 tickers
  Fold 23 [2024-11]: complete in 26.6s | n_trades=49, sharpe=-4.348, total_return=-0.0571, exits z/sl/open=12/1/38
  Fold 24 [2024-12]: slicing daily cache for formation 2023-12-01 .. 2024-11-30
  Fold 24 [2024-12]: daily formation: 522 tickers
  [v4-discovery] 522 formation tickers
  [v4-discovery] hard screens: 517 survivors
  [v4-discovery] fitting factor model (PCA on daily returns)...
  [v4-discovery] running pairwise Johansen on 517 tickers (133386 pairs)...
  [v4-discovery] pairwise tests done: 133386 candidates
WARNING FALLBACK CAP: kept top 500 by p-value
  Fold 24 [2024-12]: discovery: 67 pairs after beta>0 | cum_var=0.466
  Fold 24 [2024-12]: slicing daily cache for trading 2024-12-01 .. 2024-12-31
  Fold 24 [2024-12]: daily trading: 522 tickers
  Fold 24 [2024-12]: trading residual: 21 bars x 517 tickers
  Fold 24 [2024-12]: complete in 26.7s | n_trades=38, sharpe=-0.082, total_return=-0.0003, exits z/sl/open=8/0/31
  Fold 25 [2025-01]: slicing daily cache for formation 2024-01-01 .. 2024-12-31
  Fold 25 [2025-01]: daily formation: 522 tickers
  [v4-discovery] 522 formation tickers
  [v4-discovery] hard screens: 517 survivors
  [v4-discovery] fitting factor model (PCA on daily returns)...
  [v4-discovery] running pairwise Johansen on 517 tickers (133386 pairs)...
  [v4-discovery] pairwise tests done: 133386 candidates
WARNING FALLBACK CAP: kept top 500 by p-value
  Fold 25 [2025-01]: discovery: 99 pairs after beta>0 | cum_var=0.440
  Fold 25 [2025-01]: slicing daily cache for trading 2025-01-01 .. 2025-01-31
  Fold 25 [2025-01]: daily trading: 523 tickers
  Fold 25 [2025-01]: trading residual: 20 bars x 517 tickers
  Fold 25 [2025-01]: complete in 26.6s | n_trades=90, sharpe=-2.152, total_return=-0.0080, exits z/sl/open=22/1/69
  Fold 26 [2025-02]: slicing daily cache for formation 2024-02-01 .. 2025-01-31
  Fold 26 [2025-02]: daily formation: 523 tickers
  [v4-discovery] 523 formation tickers
  [v4-discovery] hard screens: 517 survivors
  [v4-discovery] fitting factor model (PCA on daily returns)...
  [v4-discovery] running pairwise Johansen on 517 tickers (133386 pairs)...
  [v4-discovery] pairwise tests done: 133386 candidates
WARNING FALLBACK CAP: kept top 500 by p-value
  Fold 26 [2025-02]: discovery: 164 pairs after beta>0 | cum_var=0.435
  Fold 26 [2025-02]: slicing daily cache for trading 2025-02-01 .. 2025-02-28
  Fold 26 [2025-02]: daily trading: 524 tickers
  Fold 26 [2025-02]: trading residual: 19 bars x 517 tickers
  Fold 26 [2025-02]: complete in 27.0s | n_trades=75, sharpe=+2.408, total_return=+1.3953, exits z/sl/open=29/4/43
  Fold 27 [2025-03]: slicing daily cache for formation 2024-03-01 .. 2025-02-28
  Fold 27 [2025-03]: daily formation: 524 tickers
  [v4-discovery] 524 formation tickers
  [v4-discovery] hard screens: 520 survivors
  [v4-discovery] fitting factor model (PCA on daily returns)...
  [v4-discovery] running pairwise Johansen on 520 tickers (134940 pairs)...
  [v4-discovery] pairwise tests done: 134940 candidates
WARNING FALLBACK CAP: kept top 500 by p-value
  Fold 27 [2025-03]: discovery: 133 pairs after beta>0 | cum_var=0.458
  Fold 27 [2025-03]: slicing daily cache for trading 2025-03-01 .. 2025-03-31
  Fold 27 [2025-03]: daily trading: 524 tickers
  Fold 27 [2025-03]: trading residual: 21 bars x 520 tickers
  Fold 27 [2025-03]: complete in 26.8s | n_trades=74, sharpe=-0.404, total_return=-0.0016, exits z/sl/open=22/0/52
  Fold 28 [2025-04]: slicing daily cache for formation 2024-04-01 .. 2025-03-31
  Fold 28 [2025-04]: daily formation: 524 tickers
  [v4-discovery] 524 formation tickers
  [v4-discovery] hard screens: 520 survivors
  [v4-discovery] fitting factor model (PCA on daily returns)...
  [v4-discovery] running pairwise Johansen on 520 tickers (134940 pairs)...
  [v4-discovery] pairwise tests done: 134940 candidates
WARNING FALLBACK CAP: kept top 500 by p-value
  Fold 28 [2025-04]: discovery: 104 pairs after beta>0 | cum_var=0.455
  Fold 28 [2025-04]: slicing daily cache for trading 2025-04-01 .. 2025-04-30
  Fold 28 [2025-04]: daily trading: 524 tickers
  Fold 28 [2025-04]: trading residual: 21 bars x 520 tickers
  Fold 28 [2025-04]: complete in 27.5s | n_trades=74, sharpe=+1.776, total_return=+0.0145, exits z/sl/open=33/0/42
  Fold 29 [2025-05]: slicing daily cache for formation 2024-05-01 .. 2025-04-30
  Fold 29 [2025-05]: daily formation: 524 tickers
  [v4-discovery] 524 formation tickers
  [v4-discovery] hard screens: 520 survivors
  [v4-discovery] fitting factor model (PCA on daily returns)...
  [v4-discovery] running pairwise Johansen on 520 tickers (134940 pairs)...
  [v4-discovery] pairwise tests done: 134940 candidates
WARNING FALLBACK CAP: kept top 500 by p-value
  Fold 29 [2025-05]: discovery: 130 pairs after beta>0 | cum_var=0.502
  Fold 29 [2025-05]: slicing daily cache for trading 2025-05-01 .. 2025-05-31
  Fold 29 [2025-05]: daily trading: 524 tickers
  Fold 29 [2025-05]: trading residual: 21 bars x 520 tickers
  Fold 29 [2025-05]: complete in 26.9s | n_trades=39, sharpe=+1.978, total_return=+0.0051, exits z/sl/open=10/0/29
  Fold 30 [2025-06]: slicing daily cache for formation 2024-06-01 .. 2025-05-31
  Fold 30 [2025-06]: daily formation: 524 tickers
  [v4-discovery] 524 formation tickers
  [v4-discovery] hard screens: 521 survivors
  [v4-discovery] fitting factor model (PCA on daily returns)...
  [v4-discovery] running pairwise Johansen on 521 tickers (135460 pairs)...
  [v4-discovery] pairwise tests done: 135460 candidates
WARNING FALLBACK CAP: kept top 500 by p-value
  Fold 30 [2025-06]: discovery: 186 pairs after beta>0 | cum_var=0.501
  Fold 30 [2025-06]: slicing daily cache for trading 2025-06-01 .. 2025-06-30
  Fold 30 [2025-06]: daily trading: 524 tickers
  Fold 30 [2025-06]: trading residual: 20 bars x 521 tickers
  Fold 30 [2025-06]: complete in 27.1s | n_trades=59, sharpe=+1.582, total_return=+0.0045, exits z/sl/open=16/2/41
  Fold 31 [2025-07]: slicing daily cache for formation 2024-07-01 .. 2025-06-30
  Fold 31 [2025-07]: daily formation: 524 tickers
  [v4-discovery] 524 formation tickers
  [v4-discovery] hard screens: 521 survivors
  [v4-discovery] fitting factor model (PCA on daily returns)...
  [v4-discovery] running pairwise Johansen on 521 tickers (135460 pairs)...
  [v4-discovery] pairwise tests done: 135460 candidates
WARNING FALLBACK CAP: kept top 500 by p-value
  Fold 31 [2025-07]: discovery: 169 pairs after beta>0 | cum_var=0.483
  Fold 31 [2025-07]: slicing daily cache for trading 2025-07-01 .. 2025-07-31
  Fold 31 [2025-07]: daily trading: 524 tickers
  Fold 31 [2025-07]: trading residual: 22 bars x 521 tickers
  Fold 31 [2025-07]: complete in 27.1s | n_trades=76, sharpe=+1.707, total_return=+0.0329, exits z/sl/open=23/6/51
  Fold 32 [2025-08]: slicing daily cache for formation 2024-08-01 .. 2025-07-31
  Fold 32 [2025-08]: daily formation: 524 tickers
  [v4-discovery] 524 formation tickers
  [v4-discovery] hard screens: 521 survivors
  [v4-discovery] fitting factor model (PCA on daily returns)...
  [v4-discovery] running pairwise Johansen on 521 tickers (135460 pairs)...
  [v4-discovery] pairwise tests done: 135460 candidates
WARNING FALLBACK CAP: kept top 500 by p-value
  Fold 32 [2025-08]: discovery: 140 pairs after beta>0 | cum_var=0.489
  Fold 32 [2025-08]: slicing daily cache for trading 2025-08-01 .. 2025-08-31
  Fold 32 [2025-08]: daily trading: 525 tickers
  Fold 32 [2025-08]: trading residual: 21 bars x 521 tickers
  Fold 32 [2025-08]: complete in 26.8s | n_trades=79, sharpe=-12.236, total_return=-0.1887, exits z/sl/open=22/7/56
  Fold 33 [2025-09]: slicing daily cache for formation 2024-09-01 .. 2025-08-31
  Fold 33 [2025-09]: daily formation: 525 tickers
  [v4-discovery] 525 formation tickers
  [v4-discovery] hard screens: 522 survivors
  [v4-discovery] fitting factor model (PCA on daily returns)...
  [v4-discovery] running pairwise Johansen on 522 tickers (135981 pairs)...
  [v4-discovery] pairwise tests done: 135981 candidates
WARNING FALLBACK CAP: kept top 500 by p-value
  Fold 33 [2025-09]: discovery: 97 pairs after beta>0 | cum_var=0.503
  Fold 33 [2025-09]: slicing daily cache for trading 2025-09-01 .. 2025-09-30
  Fold 33 [2025-09]: daily trading: 525 tickers
  Fold 33 [2025-09]: trading residual: 21 bars x 522 tickers
  Fold 33 [2025-09]: complete in 26.9s | n_trades=55, sharpe=+3.254, total_return=+0.0335, exits z/sl/open=15/3/37
  Fold 34 [2025-10]: slicing daily cache for formation 2024-10-01 .. 2025-09-30
  Fold 34 [2025-10]: daily formation: 525 tickers
  [v4-discovery] 525 formation tickers
  [v4-discovery] hard screens: 522 survivors
  [v4-discovery] fitting factor model (PCA on daily returns)...
  [v4-discovery] running pairwise Johansen on 522 tickers (135981 pairs)...
  [v4-discovery] pairwise tests done: 135981 candidates
WARNING FALLBACK CAP: kept top 500 by p-value
  Fold 34 [2025-10]: discovery: 111 pairs after beta>0 | cum_var=0.488
  Fold 34 [2025-10]: slicing daily cache for trading 2025-10-01 .. 2025-10-31
  Fold 34 [2025-10]: daily trading: 525 tickers
  Fold 34 [2025-10]: trading residual: 23 bars x 522 tickers
  Fold 34 [2025-10]: complete in 27.4s | n_trades=68, sharpe=+0.949, total_return=+0.0244, exits z/sl/open=12/3/55
  Fold 35 [2025-11]: slicing daily cache for formation 2024-11-01 .. 2025-10-31
  Fold 35 [2025-11]: daily formation: 525 tickers
  [v4-discovery] 525 formation tickers
  [v4-discovery] hard screens: 522 survivors
  [v4-discovery] fitting factor model (PCA on daily returns)...
  [v4-discovery] running pairwise Johansen on 522 tickers (135981 pairs)...
  [v4-discovery] pairwise tests done: 135981 candidates
WARNING FALLBACK CAP: kept top 500 by p-value
  Fold 35 [2025-11]: discovery: 96 pairs after beta>0 | cum_var=0.483
  Fold 35 [2025-11]: slicing daily cache for trading 2025-11-01 .. 2025-11-30
  Fold 35 [2025-11]: daily trading: 527 tickers
  Fold 35 [2025-11]: trading residual: 19 bars x 522 tickers
  Fold 35 [2025-11]: complete in 27.2s | n_trades=56, sharpe=+4.719, total_return=+0.2562, exits z/sl/open=17/0/41
  Fold 36 [2025-12]: slicing daily cache for formation 2024-12-01 .. 2025-11-30
  Fold 36 [2025-12]: daily formation: 527 tickers
  [v4-discovery] 527 formation tickers
  [v4-discovery] hard screens: 522 survivors
  [v4-discovery] fitting factor model (PCA on daily returns)...
  [v4-discovery] running pairwise Johansen on 522 tickers (135981 pairs)...
  [v4-discovery] pairwise tests done: 135981 candidates
WARNING FALLBACK CAP: kept top 500 by p-value
  Fold 36 [2025-12]: discovery: 1 pairs after beta>0 | cum_var=0.496
  Fold 36 [2025-12]: slicing daily cache for trading 2025-12-01 .. 2025-12-31
  Fold 36 [2025-12]: daily trading: 527 tickers
  Fold 36 [2025-12]: trading residual: 22 bars x 522 tickers
  Fold 36 [2025-12]: complete in 26.4s | n_trades=0, sharpe=+0.000, total_return=+0.0000, exits z/sl/open=0/0/0
  Fold 37 [2026-01]: slicing daily cache for formation 2025-01-01 .. 2025-12-31
  Fold 37 [2026-01]: daily formation: 527 tickers
  [v4-discovery] 527 formation tickers
  [v4-discovery] hard screens: 523 survivors
  [v4-discovery] fitting factor model (PCA on daily returns)...
  [v4-discovery] running pairwise Johansen on 523 tickers (136503 pairs)...
  [v4-discovery] pairwise tests done: 136503 candidates
WARNING FALLBACK CAP: kept top 500 by p-value
  Fold 37 [2026-01]: discovery: 189 pairs after beta>0 | cum_var=0.496
  Fold 37 [2026-01]: slicing daily cache for trading 2026-01-01 .. 2026-01-31
  Fold 37 [2026-01]: daily trading: 528 tickers
  Fold 37 [2026-01]: trading residual: 20 bars x 523 tickers
  Fold 37 [2026-01]: complete in 27.5s | n_trades=109, sharpe=+3.628, total_return=+0.1008, exits z/sl/open=35/9/67
  Fold 38 [2026-02]: slicing daily cache for formation 2025-02-01 .. 2026-01-31
  Fold 38 [2026-02]: daily formation: 528 tickers
  [v4-discovery] 528 formation tickers
  [v4-discovery] hard screens: 524 survivors
  [v4-discovery] fitting factor model (PCA on daily returns)...
  [v4-discovery] running pairwise Johansen on 524 tickers (137026 pairs)...
  [v4-discovery] pairwise tests done: 137026 candidates
WARNING FALLBACK CAP: kept top 500 by p-value
  Fold 38 [2026-02]: discovery: 139 pairs after beta>0 | cum_var=0.482
  Fold 38 [2026-02]: slicing daily cache for trading 2026-02-01 .. 2026-02-28
  Fold 38 [2026-02]: daily trading: 528 tickers
  Fold 38 [2026-02]: trading residual: 19 bars x 524 tickers
  Fold 38 [2026-02]: complete in 27.1s | n_trades=92, sharpe=-3.371, total_return=-0.0214, exits z/sl/open=25/9/59
  Fold 39 [2026-03]: slicing daily cache for formation 2025-03-01 .. 2026-02-28
  Fold 39 [2026-03]: daily formation: 528 tickers
  [v4-discovery] 528 formation tickers
  [v4-discovery] hard screens: 524 survivors
  [v4-discovery] fitting factor model (PCA on daily returns)...
  [v4-discovery] running pairwise Johansen on 524 tickers (137026 pairs)...
  [v4-discovery] pairwise tests done: 137026 candidates
WARNING FALLBACK CAP: kept top 500 by p-value
  Fold 39 [2026-03]: discovery: 96 pairs after beta>0 | cum_var=0.462
  Fold 39 [2026-03]: slicing daily cache for trading 2026-03-01 .. 2026-03-31
  Fold 39 [2026-03]: daily trading: 528 tickers
  Fold 39 [2026-03]: trading residual: 14 bars x 524 tickers
  Fold 39 [2026-03]: complete in 27.1s | n_trades=49, sharpe=-1.066, total_return=-0.0045, exits z/sl/open=9/0/42

Combo ez1.5_hl15 done in 1177s
  mean Sharpe (all 39)=-0.922, median=-0.461, winners=16/38
  train (1-30): mean Sharpe=-1.088, OOS (31-39): mean Sharpe=-0.302

============================================================
[3/9] Combo: entry_z=1.5, hl_max=30.0 -> ez1.5_hl30
============================================================
  Fold 01 [2023-01]: slicing daily cache for formation 2022-01-01 .. 2022-12-31
  Fold 01 [2023-01]: daily formation: 511 tickers
  [v4-discovery] 511 formation tickers
  [v4-discovery] hard screens: 506 survivors
  [v4-discovery] fitting factor model (PCA on daily returns)...
  [v4-discovery] running pairwise Johansen on 506 tickers (127765 pairs)...
  [v4-discovery] pairwise tests done: 127765 candidates
WARNING FALLBACK CAP: kept top 500 by p-value
  Fold 01 [2023-01]: discovery: 189 pairs after beta>0 | cum_var=0.623
  Fold 01 [2023-01]: slicing daily cache for trading 2023-01-01 .. 2023-01-31
  Fold 01 [2023-01]: daily trading: 512 tickers
  Fold 01 [2023-01]: trading residual: 20 bars x 506 tickers
  Fold 01 [2023-01]: complete in 25.7s | n_trades=91, sharpe=+1.047, total_return=+0.0072, exits z/sl/open=29/1/65
  Fold 02 [2023-02]: slicing daily cache for formation 2022-02-01 .. 2023-01-31
  Fold 02 [2023-02]: daily formation: 512 tickers
  [v4-discovery] 512 formation tickers
  [v4-discovery] hard screens: 506 survivors
  [v4-discovery] fitting factor model (PCA on daily returns)...
  [v4-discovery] running pairwise Johansen on 506 tickers (127765 pairs)...
  [v4-discovery] pairwise tests done: 127765 candidates
WARNING FALLBACK CAP: kept top 500 by p-value
  Fold 02 [2023-02]: discovery: 190 pairs after beta>0 | cum_var=0.614
  Fold 02 [2023-02]: slicing daily cache for trading 2023-02-01 .. 2023-02-28
  Fold 02 [2023-02]: daily trading: 512 tickers
  Fold 02 [2023-02]: trading residual: 19 bars x 506 tickers
  Fold 02 [2023-02]: complete in 26.0s | n_trades=105, sharpe=+0.865, total_return=+0.0053, exits z/sl/open=25/4/78
  Fold 03 [2023-03]: slicing daily cache for formation 2022-03-01 .. 2023-02-28
  Fold 03 [2023-03]: daily formation: 512 tickers
  [v4-discovery] 512 formation tickers
  [v4-discovery] hard screens: 506 survivors
  [v4-discovery] fitting factor model (PCA on daily returns)...
  [v4-discovery] running pairwise Johansen on 506 tickers (127765 pairs)...
  [v4-discovery] pairwise tests done: 127765 candidates
WARNING FALLBACK CAP: kept top 500 by p-value
  Fold 03 [2023-03]: discovery: 212 pairs after beta>0 | cum_var=0.615
  Fold 03 [2023-03]: slicing daily cache for trading 2023-03-01 .. 2023-03-31
  Fold 03 [2023-03]: daily trading: 512 tickers
  Fold 03 [2023-03]: trading residual: 23 bars x 506 tickers
  Fold 03 [2023-03]: complete in 25.5s | n_trades=154, sharpe=-3.621, total_return=-0.0433, exits z/sl/open=27/16/113
  Fold 04 [2023-04]: slicing daily cache for formation 2022-04-01 .. 2023-03-31
  Fold 04 [2023-04]: daily formation: 512 tickers
  [v4-discovery] 512 formation tickers
  [v4-discovery] hard screens: 507 survivors
  [v4-discovery] fitting factor model (PCA on daily returns)...
  [v4-discovery] running pairwise Johansen on 507 tickers (128271 pairs)...
  [v4-discovery] pairwise tests done: 128271 candidates
WARNING FALLBACK CAP: kept top 500 by p-value
  Fold 04 [2023-04]: discovery: 159 pairs after beta>0 | cum_var=0.616
  Fold 04 [2023-04]: slicing daily cache for trading 2023-04-01 .. 2023-04-30
  Fold 04 [2023-04]: daily trading: 512 tickers
  Fold 04 [2023-04]: trading residual: 19 bars x 507 tickers
  Fold 04 [2023-04]: complete in 26.3s | n_trades=69, sharpe=+3.045, total_return=+0.0238, exits z/sl/open=22/0/51
  Fold 05 [2023-05]: slicing daily cache for formation 2022-05-01 .. 2023-04-30
  Fold 05 [2023-05]: daily formation: 512 tickers
  [v4-discovery] 512 formation tickers
  [v4-discovery] hard screens: 508 survivors
  [v4-discovery] fitting factor model (PCA on daily returns)...
  [v4-discovery] running pairwise Johansen on 508 tickers (128778 pairs)...
  [v4-discovery] pairwise tests done: 128778 candidates
WARNING FALLBACK CAP: kept top 500 by p-value
  Fold 05 [2023-05]: discovery: 160 pairs after beta>0 | cum_var=0.612
  Fold 05 [2023-05]: slicing daily cache for trading 2023-05-01 .. 2023-05-31
  Fold 05 [2023-05]: daily trading: 514 tickers
  Fold 05 [2023-05]: trading residual: 22 bars x 508 tickers
  Fold 05 [2023-05]: complete in 25.9s | n_trades=29, sharpe=-0.882, total_return=-0.0058, exits z/sl/open=11/0/20
  Fold 06 [2023-06]: slicing daily cache for formation 2022-06-01 .. 2023-05-31
  Fold 06 [2023-06]: daily formation: 514 tickers
  [v4-discovery] 514 formation tickers
  [v4-discovery] hard screens: 510 survivors
  [v4-discovery] fitting factor model (PCA on daily returns)...
  [v4-discovery] running pairwise Johansen on 510 tickers (129795 pairs)...
  [v4-discovery] pairwise tests done: 129795 candidates
WARNING FALLBACK CAP: kept top 500 by p-value
  Fold 06 [2023-06]: discovery: 193 pairs after beta>0 | cum_var=0.596
  Fold 06 [2023-06]: slicing daily cache for trading 2023-06-01 .. 2023-06-30
  Fold 06 [2023-06]: daily trading: 514 tickers
  Fold 06 [2023-06]: trading residual: 21 bars x 510 tickers
  Fold 06 [2023-06]: complete in 26.6s | n_trades=115, sharpe=-0.917, total_return=-0.0057, exits z/sl/open=28/1/87
  Fold 07 [2023-07]: slicing daily cache for formation 2022-07-01 .. 2023-06-30
  Fold 07 [2023-07]: daily formation: 514 tickers
  [v4-discovery] 514 formation tickers
  [v4-discovery] hard screens: 510 survivors
  [v4-discovery] fitting factor model (PCA on daily returns)...
  [v4-discovery] running pairwise Johansen on 510 tickers (129795 pairs)...
  [v4-discovery] pairwise tests done: 129795 candidates
WARNING FALLBACK CAP: kept top 500 by p-value
  Fold 07 [2023-07]: discovery: 192 pairs after beta>0 | cum_var=0.595
  Fold 07 [2023-07]: slicing daily cache for trading 2023-07-01 .. 2023-07-31
  Fold 07 [2023-07]: daily trading: 514 tickers
  Fold 07 [2023-07]: trading residual: 20 bars x 509 tickers
  Fold 07 [2023-07]: complete in 26.9s | n_trades=109, sharpe=-0.098, total_return=-0.0103, exits z/sl/open=34/2/74
  Fold 08 [2023-08]: slicing daily cache for formation 2022-08-01 .. 2023-07-31
  Fold 08 [2023-08]: daily formation: 515 tickers
  [v4-discovery] 515 formation tickers
  [v4-discovery] hard screens: 509 survivors
  [v4-discovery] fitting factor model (PCA on daily returns)...
  [v4-discovery] running pairwise Johansen on 509 tickers (129286 pairs)...
  [v4-discovery] pairwise tests done: 129286 candidates
WARNING FALLBACK CAP: kept top 500 by p-value
  Fold 08 [2023-08]: discovery: 91 pairs after beta>0 | cum_var=0.491
  Fold 08 [2023-08]: slicing daily cache for trading 2023-08-01 .. 2023-08-31
  Fold 08 [2023-08]: daily trading: 515 tickers
  Fold 08 [2023-08]: trading residual: 23 bars x 509 tickers
  Fold 08 [2023-08]: complete in 25.9s | n_trades=6, sharpe=-4.697, total_return=-0.0712, exits z/sl/open=2/0/4
  Fold 09 [2023-09]: slicing daily cache for formation 2022-09-01 .. 2023-08-31
  Fold 09 [2023-09]: daily formation: 516 tickers
  [v4-discovery] 516 formation tickers
  [v4-discovery] hard screens: 509 survivors
  [v4-discovery] fitting factor model (PCA on daily returns)...
  [v4-discovery] running pairwise Johansen on 509 tickers (129286 pairs)...
  [v4-discovery] pairwise tests done: 129286 candidates
WARNING FALLBACK CAP: kept top 500 by p-value
  Fold 09 [2023-09]: discovery: 244 pairs after beta>0 | cum_var=0.489
  Fold 09 [2023-09]: slicing daily cache for trading 2023-09-01 .. 2023-09-30
  Fold 09 [2023-09]: daily trading: 516 tickers
  Fold 09 [2023-09]: trading residual: 20 bars x 509 tickers
  Fold 09 [2023-09]: complete in 26.5s | n_trades=43, sharpe=-4.006, total_return=-0.2825, exits z/sl/open=8/0/36
  Fold 10 [2023-10]: slicing daily cache for formation 2022-10-01 .. 2023-09-30
  Fold 10 [2023-10]: daily formation: 517 tickers
  [v4-discovery] 517 formation tickers
  [v4-discovery] hard screens: 509 survivors
  [v4-discovery] fitting factor model (PCA on daily returns)...
  [v4-discovery] running pairwise Johansen on 509 tickers (129286 pairs)...
  [v4-discovery] pairwise tests done: 129286 candidates
WARNING FALLBACK CAP: kept top 500 by p-value
  Fold 10 [2023-10]: discovery: 211 pairs after beta>0 | cum_var=0.480
  Fold 10 [2023-10]: slicing daily cache for trading 2023-10-01 .. 2023-10-31
  Fold 10 [2023-10]: daily trading: 517 tickers
  Fold 10 [2023-10]: trading residual: 22 bars x 509 tickers
  Fold 10 [2023-10]: complete in 25.8s | n_trades=74, sharpe=+2.024, total_return=+0.1846, exits z/sl/open=35/1/41
  Fold 11 [2023-11]: slicing daily cache for formation 2022-11-01 .. 2023-10-31
  Fold 11 [2023-11]: daily formation: 518 tickers
  [v4-discovery] 518 formation tickers
  [v4-discovery] hard screens: 510 survivors
  [v4-discovery] fitting factor model (PCA on daily returns)...
  [v4-discovery] running pairwise Johansen on 510 tickers (129795 pairs)...
  [v4-discovery] pairwise tests done: 129795 candidates
WARNING FALLBACK CAP: kept top 500 by p-value
  Fold 11 [2023-11]: discovery: 205 pairs after beta>0 | cum_var=0.468
  Fold 11 [2023-11]: slicing daily cache for trading 2023-11-01 .. 2023-11-30
  Fold 11 [2023-11]: daily trading: 517 tickers
  Fold 11 [2023-11]: trading residual: 21 bars x 510 tickers
  Fold 11 [2023-11]: complete in 26.1s | n_trades=82, sharpe=-3.551, total_return=-0.0312, exits z/sl/open=15/2/66
  Fold 12 [2023-12]: slicing daily cache for formation 2022-12-01 .. 2023-11-30
  Fold 12 [2023-12]: daily formation: 518 tickers
  [v4-discovery] 518 formation tickers
  [v4-discovery] hard screens: 511 survivors
  [v4-discovery] fitting factor model (PCA on daily returns)...
  [v4-discovery] running pairwise Johansen on 511 tickers (130305 pairs)...
  [v4-discovery] pairwise tests done: 130305 candidates
WARNING FALLBACK CAP: kept top 500 by p-value
  Fold 12 [2023-12]: discovery: 198 pairs after beta>0 | cum_var=0.422
  Fold 12 [2023-12]: slicing daily cache for trading 2023-12-01 .. 2023-12-31
  Fold 12 [2023-12]: daily trading: 517 tickers
  Fold 12 [2023-12]: trading residual: 20 bars x 511 tickers
  Fold 12 [2023-12]: complete in 26.4s | n_trades=101, sharpe=-6.259, total_return=-0.0225, exits z/sl/open=26/3/72
  Fold 13 [2024-01]: slicing daily cache for formation 2023-01-01 .. 2023-12-31
  Fold 13 [2024-01]: daily formation: 518 tickers
  [v4-discovery] 518 formation tickers
  [v4-discovery] hard screens: 511 survivors
  [v4-discovery] fitting factor model (PCA on daily returns)...
  [v4-discovery] running pairwise Johansen on 511 tickers (130305 pairs)...
  [v4-discovery] pairwise tests done: 130305 candidates
WARNING FALLBACK CAP: kept top 500 by p-value
  Fold 13 [2024-01]: discovery: 203 pairs after beta>0 | cum_var=0.423
  Fold 13 [2024-01]: slicing daily cache for trading 2024-01-01 .. 2024-01-31
  Fold 13 [2024-01]: daily trading: 517 tickers
  Fold 13 [2024-01]: trading residual: 21 bars x 511 tickers
  Fold 13 [2024-01]: complete in 26.5s | n_trades=134, sharpe=-0.996, total_return=-0.0110, exits z/sl/open=42/7/86
  Fold 14 [2024-02]: slicing daily cache for formation 2023-02-01 .. 2024-01-31
  Fold 14 [2024-02]: daily formation: 518 tickers
  [v4-discovery] 518 formation tickers
  [v4-discovery] hard screens: 511 survivors
  [v4-discovery] fitting factor model (PCA on daily returns)...
  [v4-discovery] running pairwise Johansen on 511 tickers (130305 pairs)...
  [v4-discovery] pairwise tests done: 130305 candidates
WARNING FALLBACK CAP: kept top 500 by p-value
  Fold 14 [2024-02]: discovery: 222 pairs after beta>0 | cum_var=0.411
  Fold 14 [2024-02]: slicing daily cache for trading 2024-02-01 .. 2024-02-29
  Fold 14 [2024-02]: daily trading: 517 tickers
  Fold 14 [2024-02]: trading residual: 20 bars x 511 tickers
  Fold 14 [2024-02]: complete in 25.9s | n_trades=81, sharpe=-0.774, total_return=-0.0047, exits z/sl/open=27/6/49
  Fold 15 [2024-03]: slicing daily cache for formation 2023-03-01 .. 2024-02-29
  Fold 15 [2024-03]: daily formation: 518 tickers
  [v4-discovery] 518 formation tickers
  [v4-discovery] hard screens: 511 survivors
  [v4-discovery] fitting factor model (PCA on daily returns)...
  [v4-discovery] running pairwise Johansen on 511 tickers (130305 pairs)...
  [v4-discovery] pairwise tests done: 130305 candidates
WARNING FALLBACK CAP: kept top 500 by p-value
  Fold 15 [2024-03]: discovery: 194 pairs after beta>0 | cum_var=0.399
  Fold 15 [2024-03]: slicing daily cache for trading 2024-03-01 .. 2024-03-31
  Fold 15 [2024-03]: daily trading: 518 tickers
  Fold 15 [2024-03]: trading residual: 19 bars x 511 tickers
  Fold 15 [2024-03]: complete in 26.2s | n_trades=90, sharpe=+2.663, total_return=+0.0579, exits z/sl/open=16/1/73
  Fold 16 [2024-04]: slicing daily cache for formation 2023-04-01 .. 2024-03-31
  Fold 16 [2024-04]: daily formation: 519 tickers
  [v4-discovery] 519 formation tickers
  [v4-discovery] hard screens: 512 survivors
  [v4-discovery] fitting factor model (PCA on daily returns)...
  [v4-discovery] running pairwise Johansen on 512 tickers (130816 pairs)...
  [v4-discovery] pairwise tests done: 130816 candidates
WARNING FALLBACK CAP: kept top 500 by p-value
  Fold 16 [2024-04]: discovery: 172 pairs after beta>0 | cum_var=0.372
  Fold 16 [2024-04]: slicing daily cache for trading 2024-04-01 .. 2024-04-30
  Fold 16 [2024-04]: daily trading: 520 tickers
  Fold 16 [2024-04]: trading residual: 22 bars x 512 tickers
  Fold 16 [2024-04]: complete in 26.9s | n_trades=91, sharpe=-4.634, total_return=-0.0503, exits z/sl/open=25/2/65
  Fold 17 [2024-05]: slicing daily cache for formation 2023-05-01 .. 2024-04-30
  Fold 17 [2024-05]: daily formation: 521 tickers
  [v4-discovery] 521 formation tickers
  [v4-discovery] hard screens: 513 survivors
  [v4-discovery] fitting factor model (PCA on daily returns)...
  [v4-discovery] running pairwise Johansen on 513 tickers (131328 pairs)...
  [v4-discovery] pairwise tests done: 131328 candidates
WARNING FALLBACK CAP: kept top 500 by p-value
  Fold 17 [2024-05]: discovery: 162 pairs after beta>0 | cum_var=0.366
  Fold 17 [2024-05]: slicing daily cache for trading 2024-05-01 .. 2024-05-31
  Fold 17 [2024-05]: daily trading: 520 tickers
  Fold 17 [2024-05]: trading residual: 22 bars x 513 tickers
  Fold 17 [2024-05]: complete in 26.8s | n_trades=112, sharpe=-3.002, total_return=-0.0313, exits z/sl/open=23/5/84
  Fold 18 [2024-06]: slicing daily cache for formation 2023-06-01 .. 2024-05-31
  Fold 18 [2024-06]: daily formation: 521 tickers
  [v4-discovery] 521 formation tickers
  [v4-discovery] hard screens: 514 survivors
  [v4-discovery] fitting factor model (PCA on daily returns)...
  [v4-discovery] running pairwise Johansen on 514 tickers (131841 pairs)...
  [v4-discovery] pairwise tests done: 131841 candidates
WARNING FALLBACK CAP: kept top 500 by p-value
  Fold 18 [2024-06]: discovery: 209 pairs after beta>0 | cum_var=0.356
  Fold 18 [2024-06]: slicing daily cache for trading 2024-06-01 .. 2024-06-30
  Fold 18 [2024-06]: daily trading: 520 tickers
  Fold 18 [2024-06]: trading residual: 19 bars x 514 tickers
  Fold 18 [2024-06]: complete in 26.6s | n_trades=99, sharpe=-4.256, total_return=-0.0333, exits z/sl/open=22/3/75
  Fold 19 [2024-07]: slicing daily cache for formation 2023-07-01 .. 2024-06-30
  Fold 19 [2024-07]: daily formation: 520 tickers
  [v4-discovery] 520 formation tickers
  [v4-discovery] hard screens: 514 survivors
  [v4-discovery] fitting factor model (PCA on daily returns)...
  [v4-discovery] running pairwise Johansen on 514 tickers (131841 pairs)...
  [v4-discovery] pairwise tests done: 131841 candidates
WARNING FALLBACK CAP: kept top 500 by p-value
  Fold 19 [2024-07]: discovery: 201 pairs after beta>0 | cum_var=0.514
  Fold 19 [2024-07]: slicing daily cache for trading 2024-07-01 .. 2024-07-31
  Fold 19 [2024-07]: daily trading: 521 tickers
  Fold 19 [2024-07]: trading residual: 22 bars x 514 tickers
  Fold 19 [2024-07]: complete in 26.6s | n_trades=132, sharpe=+3.519, total_return=+0.0364, exits z/sl/open=42/10/85
  Fold 20 [2024-08]: slicing daily cache for formation 2023-08-01 .. 2024-07-31
  Fold 20 [2024-08]: daily formation: 521 tickers
  [v4-discovery] 521 formation tickers
  [v4-discovery] hard screens: 515 survivors
  [v4-discovery] fitting factor model (PCA on daily returns)...
  [v4-discovery] running pairwise Johansen on 515 tickers (132355 pairs)...
  [v4-discovery] pairwise tests done: 132355 candidates
WARNING FALLBACK CAP: kept top 500 by p-value
  Fold 20 [2024-08]: discovery: 177 pairs after beta>0 | cum_var=0.536
  Fold 20 [2024-08]: slicing daily cache for trading 2024-08-01 .. 2024-08-31
  Fold 20 [2024-08]: daily trading: 521 tickers
  Fold 20 [2024-08]: trading residual: 22 bars x 515 tickers
  Fold 20 [2024-08]: complete in 26.7s | n_trades=136, sharpe=+1.161, total_return=+0.0158, exits z/sl/open=31/6/102
  Fold 21 [2024-09]: slicing daily cache for formation 2023-09-01 .. 2024-08-31
  Fold 21 [2024-09]: daily formation: 521 tickers
  [v4-discovery] 521 formation tickers
  [v4-discovery] hard screens: 517 survivors
  [v4-discovery] fitting factor model (PCA on daily returns)...
  [v4-discovery] running pairwise Johansen on 517 tickers (133386 pairs)...
  [v4-discovery] pairwise tests done: 133386 candidates
WARNING FALLBACK CAP: kept top 500 by p-value
  Fold 21 [2024-09]: discovery: 211 pairs after beta>0 | cum_var=0.537
  Fold 21 [2024-09]: slicing daily cache for trading 2024-09-01 .. 2024-09-30
  Fold 21 [2024-09]: daily trading: 521 tickers
  Fold 21 [2024-09]: trading residual: 20 bars x 517 tickers
  Fold 21 [2024-09]: complete in 27.3s | n_trades=138, sharpe=-1.843, total_return=-0.0949, exits z/sl/open=36/3/102
  Fold 22 [2024-10]: slicing daily cache for formation 2023-10-01 .. 2024-09-30
  Fold 22 [2024-10]: daily formation: 521 tickers
  [v4-discovery] 521 formation tickers
  [v4-discovery] hard screens: 517 survivors
  [v4-discovery] fitting factor model (PCA on daily returns)...
  [v4-discovery] running pairwise Johansen on 517 tickers (133386 pairs)...
  [v4-discovery] pairwise tests done: 133386 candidates
WARNING FALLBACK CAP: kept top 500 by p-value
  Fold 22 [2024-10]: discovery: 212 pairs after beta>0 | cum_var=0.501
  Fold 22 [2024-10]: slicing daily cache for trading 2024-10-01 .. 2024-10-31
  Fold 22 [2024-10]: daily trading: 522 tickers
  Fold 22 [2024-10]: trading residual: 23 bars x 517 tickers
  Fold 22 [2024-10]: complete in 27.3s | n_trades=170, sharpe=-5.299, total_return=-0.0328, exits z/sl/open=42/8/125
  Fold 23 [2024-11]: slicing daily cache for formation 2023-11-01 .. 2024-10-31
  Fold 23 [2024-11]: daily formation: 522 tickers
  [v4-discovery] 522 formation tickers
  [v4-discovery] hard screens: 517 survivors
  [v4-discovery] fitting factor model (PCA on daily returns)...
  [v4-discovery] running pairwise Johansen on 517 tickers (133386 pairs)...
  [v4-discovery] pairwise tests done: 133386 candidates
WARNING FALLBACK CAP: kept top 500 by p-value
  Fold 23 [2024-11]: discovery: 150 pairs after beta>0 | cum_var=0.475
  Fold 23 [2024-11]: slicing daily cache for trading 2024-11-01 .. 2024-11-30
  Fold 23 [2024-11]: daily trading: 522 tickers
  Fold 23 [2024-11]: trading residual: 20 bars x 517 tickers
  Fold 23 [2024-11]: complete in 26.7s | n_trades=69, sharpe=-4.729, total_return=-0.0637, exits z/sl/open=14/3/53
  Fold 24 [2024-12]: slicing daily cache for formation 2023-12-01 .. 2024-11-30
  Fold 24 [2024-12]: daily formation: 522 tickers
  [v4-discovery] 522 formation tickers
  [v4-discovery] hard screens: 517 survivors
  [v4-discovery] fitting factor model (PCA on daily returns)...
  [v4-discovery] running pairwise Johansen on 517 tickers (133386 pairs)...
  [v4-discovery] pairwise tests done: 133386 candidates
WARNING FALLBACK CAP: kept top 500 by p-value
  Fold 24 [2024-12]: discovery: 126 pairs after beta>0 | cum_var=0.466
  Fold 24 [2024-12]: slicing daily cache for trading 2024-12-01 .. 2024-12-31
  Fold 24 [2024-12]: daily trading: 522 tickers
  Fold 24 [2024-12]: trading residual: 21 bars x 517 tickers
  Fold 24 [2024-12]: complete in 26.9s | n_trades=80, sharpe=-0.718, total_return=-0.0054, exits z/sl/open=15/2/64
  Fold 25 [2025-01]: slicing daily cache for formation 2024-01-01 .. 2024-12-31
  Fold 25 [2025-01]: daily formation: 522 tickers
  [v4-discovery] 522 formation tickers
  [v4-discovery] hard screens: 517 survivors
  [v4-discovery] fitting factor model (PCA on daily returns)...
  [v4-discovery] running pairwise Johansen on 517 tickers (133386 pairs)...
  [v4-discovery] pairwise tests done: 133386 candidates
WARNING FALLBACK CAP: kept top 500 by p-value
  Fold 25 [2025-01]: discovery: 201 pairs after beta>0 | cum_var=0.440
  Fold 25 [2025-01]: slicing daily cache for trading 2025-01-01 .. 2025-01-31
  Fold 25 [2025-01]: daily trading: 523 tickers
  Fold 25 [2025-01]: trading residual: 20 bars x 517 tickers
  Fold 25 [2025-01]: complete in 27.4s | n_trades=166, sharpe=-1.130, total_return=-0.0072, exits z/sl/open=46/3/122
  Fold 26 [2025-02]: slicing daily cache for formation 2024-02-01 .. 2025-01-31
  Fold 26 [2025-02]: daily formation: 523 tickers
  [v4-discovery] 523 formation tickers
  [v4-discovery] hard screens: 517 survivors
  [v4-discovery] fitting factor model (PCA on daily returns)...
  [v4-discovery] running pairwise Johansen on 517 tickers (133386 pairs)...
  [v4-discovery] pairwise tests done: 133386 candidates
WARNING FALLBACK CAP: kept top 500 by p-value
  Fold 26 [2025-02]: discovery: 202 pairs after beta>0 | cum_var=0.435
  Fold 26 [2025-02]: slicing daily cache for trading 2025-02-01 .. 2025-02-28
  Fold 26 [2025-02]: daily trading: 524 tickers
  Fold 26 [2025-02]: trading residual: 19 bars x 517 tickers
  Fold 26 [2025-02]: complete in 26.5s | n_trades=99, sharpe=+2.448, total_return=+1.4187, exits z/sl/open=36/8/57
  Fold 27 [2025-03]: slicing daily cache for formation 2024-03-01 .. 2025-02-28
  Fold 27 [2025-03]: daily formation: 524 tickers
  [v4-discovery] 524 formation tickers
  [v4-discovery] hard screens: 520 survivors
  [v4-discovery] fitting factor model (PCA on daily returns)...
  [v4-discovery] running pairwise Johansen on 520 tickers (134940 pairs)...
  [v4-discovery] pairwise tests done: 134940 candidates
WARNING FALLBACK CAP: kept top 500 by p-value
  Fold 27 [2025-03]: discovery: 191 pairs after beta>0 | cum_var=0.458
  Fold 27 [2025-03]: slicing daily cache for trading 2025-03-01 .. 2025-03-31
  Fold 27 [2025-03]: daily trading: 524 tickers
  Fold 27 [2025-03]: trading residual: 21 bars x 520 tickers
  Fold 27 [2025-03]: complete in 27.0s | n_trades=121, sharpe=-0.965, total_return=-0.0062, exits z/sl/open=36/1/84
  Fold 28 [2025-04]: slicing daily cache for formation 2024-04-01 .. 2025-03-31
  Fold 28 [2025-04]: daily formation: 524 tickers
  [v4-discovery] 524 formation tickers
  [v4-discovery] hard screens: 520 survivors
  [v4-discovery] fitting factor model (PCA on daily returns)...
  [v4-discovery] running pairwise Johansen on 520 tickers (134940 pairs)...
  [v4-discovery] pairwise tests done: 134940 candidates
WARNING FALLBACK CAP: kept top 500 by p-value
  Fold 28 [2025-04]: discovery: 197 pairs after beta>0 | cum_var=0.455
  Fold 28 [2025-04]: slicing daily cache for trading 2025-04-01 .. 2025-04-30
  Fold 28 [2025-04]: daily trading: 524 tickers
  Fold 28 [2025-04]: trading residual: 21 bars x 520 tickers
  Fold 28 [2025-04]: complete in 26.9s | n_trades=106, sharpe=+2.382, total_return=+0.0258, exits z/sl/open=42/1/64
  Fold 29 [2025-05]: slicing daily cache for formation 2024-05-01 .. 2025-04-30
  Fold 29 [2025-05]: daily formation: 524 tickers
  [v4-discovery] 524 formation tickers
  [v4-discovery] hard screens: 520 survivors
  [v4-discovery] fitting factor model (PCA on daily returns)...
  [v4-discovery] running pairwise Johansen on 520 tickers (134940 pairs)...
  [v4-discovery] pairwise tests done: 134940 candidates
WARNING FALLBACK CAP: kept top 500 by p-value
  Fold 29 [2025-05]: discovery: 198 pairs after beta>0 | cum_var=0.502
  Fold 29 [2025-05]: slicing daily cache for trading 2025-05-01 .. 2025-05-31
  Fold 29 [2025-05]: daily trading: 524 tickers
  Fold 29 [2025-05]: trading residual: 21 bars x 520 tickers
  Fold 29 [2025-05]: complete in 26.5s | n_trades=62, sharpe=+2.173, total_return=+0.0076, exits z/sl/open=17/0/46
  Fold 30 [2025-06]: slicing daily cache for formation 2024-06-01 .. 2025-05-31
  Fold 30 [2025-06]: daily formation: 524 tickers
  [v4-discovery] 524 formation tickers
  [v4-discovery] hard screens: 521 survivors
  [v4-discovery] fitting factor model (PCA on daily returns)...
  [v4-discovery] running pairwise Johansen on 521 tickers (135460 pairs)...
  [v4-discovery] pairwise tests done: 135460 candidates
WARNING FALLBACK CAP: kept top 500 by p-value
  Fold 30 [2025-06]: discovery: 216 pairs after beta>0 | cum_var=0.501
  Fold 30 [2025-06]: slicing daily cache for trading 2025-06-01 .. 2025-06-30
  Fold 30 [2025-06]: daily trading: 524 tickers
  Fold 30 [2025-06]: trading residual: 20 bars x 521 tickers
  Fold 30 [2025-06]: complete in 26.7s | n_trades=77, sharpe=+1.730, total_return=+0.0058, exits z/sl/open=23/2/52
  Fold 31 [2025-07]: slicing daily cache for formation 2024-07-01 .. 2025-06-30
  Fold 31 [2025-07]: daily formation: 524 tickers
  [v4-discovery] 524 formation tickers
  [v4-discovery] hard screens: 521 survivors
  [v4-discovery] fitting factor model (PCA on daily returns)...
  [v4-discovery] running pairwise Johansen on 521 tickers (135460 pairs)...
  [v4-discovery] pairwise tests done: 135460 candidates
WARNING FALLBACK CAP: kept top 500 by p-value
  Fold 31 [2025-07]: discovery: 212 pairs after beta>0 | cum_var=0.483
  Fold 31 [2025-07]: slicing daily cache for trading 2025-07-01 .. 2025-07-31
  Fold 31 [2025-07]: daily trading: 524 tickers
  Fold 31 [2025-07]: trading residual: 22 bars x 521 tickers
  Fold 31 [2025-07]: complete in 27.3s | n_trades=95, sharpe=+2.501, total_return=+0.0602, exits z/sl/open=26/6/66
  Fold 32 [2025-08]: slicing daily cache for formation 2024-08-01 .. 2025-07-31
  Fold 32 [2025-08]: daily formation: 524 tickers
  [v4-discovery] 524 formation tickers
  [v4-discovery] hard screens: 521 survivors
  [v4-discovery] fitting factor model (PCA on daily returns)...
  [v4-discovery] running pairwise Johansen on 521 tickers (135460 pairs)...
  [v4-discovery] pairwise tests done: 135460 candidates
WARNING FALLBACK CAP: kept top 500 by p-value
  Fold 32 [2025-08]: discovery: 197 pairs after beta>0 | cum_var=0.489
  Fold 32 [2025-08]: slicing daily cache for trading 2025-08-01 .. 2025-08-31
  Fold 32 [2025-08]: daily trading: 525 tickers
  Fold 32 [2025-08]: trading residual: 21 bars x 521 tickers
  Fold 32 [2025-08]: complete in 27.1s | n_trades=107, sharpe=-11.351, total_return=-0.1835, exits z/sl/open=30/7/76
  Fold 33 [2025-09]: slicing daily cache for formation 2024-09-01 .. 2025-08-31
  Fold 33 [2025-09]: daily formation: 525 tickers
  [v4-discovery] 525 formation tickers
  [v4-discovery] hard screens: 522 survivors
  [v4-discovery] fitting factor model (PCA on daily returns)...
  [v4-discovery] running pairwise Johansen on 522 tickers (135981 pairs)...
  [v4-discovery] pairwise tests done: 135981 candidates
WARNING FALLBACK CAP: kept top 500 by p-value
  Fold 33 [2025-09]: discovery: 165 pairs after beta>0 | cum_var=0.503
  Fold 33 [2025-09]: slicing daily cache for trading 2025-09-01 .. 2025-09-30
  Fold 33 [2025-09]: daily trading: 525 tickers
  Fold 33 [2025-09]: trading residual: 21 bars x 522 tickers
  Fold 33 [2025-09]: complete in 27.0s | n_trades=68, sharpe=-4.673, total_return=-0.0249, exits z/sl/open=20/2/48
  Fold 34 [2025-10]: slicing daily cache for formation 2024-10-01 .. 2025-09-30
  Fold 34 [2025-10]: daily formation: 525 tickers
  [v4-discovery] 525 formation tickers
  [v4-discovery] hard screens: 522 survivors
  [v4-discovery] fitting factor model (PCA on daily returns)...
  [v4-discovery] running pairwise Johansen on 522 tickers (135981 pairs)...
  [v4-discovery] pairwise tests done: 135981 candidates
WARNING FALLBACK CAP: kept top 500 by p-value
  Fold 34 [2025-10]: discovery: 168 pairs after beta>0 | cum_var=0.488
  Fold 34 [2025-10]: slicing daily cache for trading 2025-10-01 .. 2025-10-31
  Fold 34 [2025-10]: daily trading: 525 tickers
  Fold 34 [2025-10]: trading residual: 23 bars x 522 tickers
  Fold 34 [2025-10]: complete in 27.9s | n_trades=85, sharpe=+0.902, total_return=+0.0248, exits z/sl/open=15/4/71
  Fold 35 [2025-11]: slicing daily cache for formation 2024-11-01 .. 2025-10-31
  Fold 35 [2025-11]: daily formation: 525 tickers
  [v4-discovery] 525 formation tickers
  [v4-discovery] hard screens: 522 survivors
  [v4-discovery] fitting factor model (PCA on daily returns)...
  [v4-discovery] running pairwise Johansen on 522 tickers (135981 pairs)...
  [v4-discovery] pairwise tests done: 135981 candidates
WARNING FALLBACK CAP: kept top 500 by p-value
  Fold 35 [2025-11]: discovery: 157 pairs after beta>0 | cum_var=0.483
  Fold 35 [2025-11]: slicing daily cache for trading 2025-11-01 .. 2025-11-30
  Fold 35 [2025-11]: daily trading: 527 tickers
  Fold 35 [2025-11]: trading residual: 19 bars x 522 tickers
  Fold 35 [2025-11]: complete in 27.3s | n_trades=87, sharpe=+6.061, total_return=+0.3745, exits z/sl/open=25/0/64
  Fold 36 [2025-12]: slicing daily cache for formation 2024-12-01 .. 2025-11-30
  Fold 36 [2025-12]: daily formation: 527 tickers
  [v4-discovery] 527 formation tickers
  [v4-discovery] hard screens: 522 survivors
  [v4-discovery] fitting factor model (PCA on daily returns)...
  [v4-discovery] running pairwise Johansen on 522 tickers (135981 pairs)...
  [v4-discovery] pairwise tests done: 135981 candidates
WARNING FALLBACK CAP: kept top 500 by p-value
  Fold 36 [2025-12]: discovery: 3 pairs after beta>0 | cum_var=0.496
  Fold 36 [2025-12]: slicing daily cache for trading 2025-12-01 .. 2025-12-31
  Fold 36 [2025-12]: daily trading: 527 tickers
  Fold 36 [2025-12]: trading residual: 22 bars x 522 tickers
  Fold 36 [2025-12]: complete in 26.7s | n_trades=1, sharpe=+3.669, total_return=+0.0009, exits z/sl/open=1/0/0
  Fold 37 [2026-01]: slicing daily cache for formation 2025-01-01 .. 2025-12-31
  Fold 37 [2026-01]: daily formation: 527 tickers
  [v4-discovery] 527 formation tickers
  [v4-discovery] hard screens: 523 survivors
  [v4-discovery] fitting factor model (PCA on daily returns)...
  [v4-discovery] running pairwise Johansen on 523 tickers (136503 pairs)...
  [v4-discovery] pairwise tests done: 136503 candidates
WARNING FALLBACK CAP: kept top 500 by p-value
  Fold 37 [2026-01]: discovery: 232 pairs after beta>0 | cum_var=0.496
  Fold 37 [2026-01]: slicing daily cache for trading 2026-01-01 .. 2026-01-31
  Fold 37 [2026-01]: daily trading: 528 tickers
  Fold 37 [2026-01]: trading residual: 20 bars x 523 tickers
  Fold 37 [2026-01]: complete in 27.5s | n_trades=128, sharpe=+3.709, total_return=+0.1235, exits z/sl/open=41/9/80
  Fold 38 [2026-02]: slicing daily cache for formation 2025-02-01 .. 2026-01-31
  Fold 38 [2026-02]: daily formation: 528 tickers
  [v4-discovery] 528 formation tickers
  [v4-discovery] hard screens: 524 survivors
  [v4-discovery] fitting factor model (PCA on daily returns)...
  [v4-discovery] running pairwise Johansen on 524 tickers (137026 pairs)...
  [v4-discovery] pairwise tests done: 137026 candidates
WARNING FALLBACK CAP: kept top 500 by p-value
  Fold 38 [2026-02]: discovery: 210 pairs after beta>0 | cum_var=0.482
  Fold 38 [2026-02]: slicing daily cache for trading 2026-02-01 .. 2026-02-28
  Fold 38 [2026-02]: daily trading: 528 tickers
  Fold 38 [2026-02]: trading residual: 19 bars x 524 tickers
  Fold 38 [2026-02]: complete in 27.2s | n_trades=143, sharpe=-2.640, total_return=-0.0375, exits z/sl/open=35/15/95
  Fold 39 [2026-03]: slicing daily cache for formation 2025-03-01 .. 2026-02-28
  Fold 39 [2026-03]: daily formation: 528 tickers
  [v4-discovery] 528 formation tickers
  [v4-discovery] hard screens: 524 survivors
  [v4-discovery] fitting factor model (PCA on daily returns)...
  [v4-discovery] running pairwise Johansen on 524 tickers (137026 pairs)...
  [v4-discovery] pairwise tests done: 137026 candidates
WARNING FALLBACK CAP: kept top 500 by p-value
  Fold 39 [2026-03]: discovery: 168 pairs after beta>0 | cum_var=0.462
  Fold 39 [2026-03]: slicing daily cache for trading 2026-03-01 .. 2026-03-31
  Fold 39 [2026-03]: daily trading: 528 tickers
  Fold 39 [2026-03]: trading residual: 14 bars x 524 tickers
  Fold 39 [2026-03]: complete in 27.6s | n_trades=96, sharpe=-0.996, total_return=-0.0054, exits z/sl/open=13/0/86

Combo ez1.5_hl30 done in 1041s
  mean Sharpe (all 39)=-0.824, median=-0.882, winners=16/39
  train (1-30): mean Sharpe=-0.977, OOS (31-39): mean Sharpe=-0.313

============================================================
[4/9] Combo: entry_z=2.0, hl_max=10.0 -> ez2.0_hl10
============================================================
  Fold 01 [2023-01]: slicing daily cache for formation 2022-01-01 .. 2022-12-31
  Fold 01 [2023-01]: daily formation: 511 tickers
  [v4-discovery] 511 formation tickers
  [v4-discovery] hard screens: 506 survivors
  [v4-discovery] fitting factor model (PCA on daily returns)...
  [v4-discovery] running pairwise Johansen on 506 tickers (127765 pairs)...
  [v4-discovery] pairwise tests done: 127765 candidates
WARNING FALLBACK CAP: kept top 500 by p-value
  Fold 01 [2023-01]: discovery: 78 pairs after beta>0 | cum_var=0.623
  Fold 01 [2023-01]: slicing daily cache for trading 2023-01-01 .. 2023-01-31
  Fold 01 [2023-01]: daily trading: 512 tickers
  Fold 01 [2023-01]: trading residual: 20 bars x 506 tickers
  Fold 01 [2023-01]: complete in 25.9s | n_trades=23, sharpe=-1.442, total_return=-0.0024, exits z/sl/open=3/0/20
  Fold 02 [2023-02]: slicing daily cache for formation 2022-02-01 .. 2023-01-31
  Fold 02 [2023-02]: daily formation: 512 tickers
  [v4-discovery] 512 formation tickers
  [v4-discovery] hard screens: 506 survivors
  [v4-discovery] fitting factor model (PCA on daily returns)...
  [v4-discovery] running pairwise Johansen on 506 tickers (127765 pairs)...
  [v4-discovery] pairwise tests done: 127765 candidates
WARNING FALLBACK CAP: kept top 500 by p-value
  Fold 02 [2023-02]: discovery: 59 pairs after beta>0 | cum_var=0.614
  Fold 02 [2023-02]: slicing daily cache for trading 2023-02-01 .. 2023-02-28
  Fold 02 [2023-02]: daily trading: 512 tickers
  Fold 02 [2023-02]: trading residual: 19 bars x 506 tickers
  Fold 02 [2023-02]: complete in 25.8s | n_trades=32, sharpe=+1.786, total_return=+0.0054, exits z/sl/open=6/1/26
  Fold 03 [2023-03]: slicing daily cache for formation 2022-03-01 .. 2023-02-28
  Fold 03 [2023-03]: daily formation: 512 tickers
  [v4-discovery] 512 formation tickers
  [v4-discovery] hard screens: 506 survivors
  [v4-discovery] fitting factor model (PCA on daily returns)...
  [v4-discovery] running pairwise Johansen on 506 tickers (127765 pairs)...
  [v4-discovery] pairwise tests done: 127765 candidates
WARNING FALLBACK CAP: kept top 500 by p-value
  Fold 03 [2023-03]: discovery: 75 pairs after beta>0 | cum_var=0.615
  Fold 03 [2023-03]: slicing daily cache for trading 2023-03-01 .. 2023-03-31
  Fold 03 [2023-03]: daily trading: 512 tickers
  Fold 03 [2023-03]: trading residual: 23 bars x 506 tickers
  Fold 03 [2023-03]: complete in 25.6s | n_trades=47, sharpe=-0.551, total_return=-0.0031, exits z/sl/open=3/4/40
  Fold 04 [2023-04]: slicing daily cache for formation 2022-04-01 .. 2023-03-31
  Fold 04 [2023-04]: daily formation: 512 tickers
  [v4-discovery] 512 formation tickers
  [v4-discovery] hard screens: 507 survivors
  [v4-discovery] fitting factor model (PCA on daily returns)...
  [v4-discovery] running pairwise Johansen on 507 tickers (128271 pairs)...
  [v4-discovery] pairwise tests done: 128271 candidates
WARNING FALLBACK CAP: kept top 500 by p-value
  Fold 04 [2023-04]: discovery: 54 pairs after beta>0 | cum_var=0.616
  Fold 04 [2023-04]: slicing daily cache for trading 2023-04-01 .. 2023-04-30
  Fold 04 [2023-04]: daily trading: 512 tickers
  Fold 04 [2023-04]: trading residual: 19 bars x 507 tickers
  Fold 04 [2023-04]: complete in 25.7s | n_trades=13, sharpe=+5.769, total_return=+0.0048, exits z/sl/open=4/0/10
  Fold 05 [2023-05]: slicing daily cache for formation 2022-05-01 .. 2023-04-30
  Fold 05 [2023-05]: daily formation: 512 tickers
  [v4-discovery] 512 formation tickers
  [v4-discovery] hard screens: 508 survivors
  [v4-discovery] fitting factor model (PCA on daily returns)...
  [v4-discovery] running pairwise Johansen on 508 tickers (128778 pairs)...
  [v4-discovery] pairwise tests done: 128778 candidates
WARNING FALLBACK CAP: kept top 500 by p-value
  Fold 05 [2023-05]: discovery: 96 pairs after beta>0 | cum_var=0.612
  Fold 05 [2023-05]: slicing daily cache for trading 2023-05-01 .. 2023-05-31
  Fold 05 [2023-05]: daily trading: 514 tickers
  Fold 05 [2023-05]: trading residual: 22 bars x 508 tickers
  Fold 05 [2023-05]: complete in 25.9s | n_trades=10, sharpe=-8.240, total_return=-0.1068, exits z/sl/open=0/0/10
  Fold 06 [2023-06]: slicing daily cache for formation 2022-06-01 .. 2023-05-31
  Fold 06 [2023-06]: daily formation: 514 tickers
  [v4-discovery] 514 formation tickers
  [v4-discovery] hard screens: 510 survivors
  [v4-discovery] fitting factor model (PCA on daily returns)...
  [v4-discovery] running pairwise Johansen on 510 tickers (129795 pairs)...
  [v4-discovery] pairwise tests done: 129795 candidates
WARNING FALLBACK CAP: kept top 500 by p-value
  Fold 06 [2023-06]: discovery: 65 pairs after beta>0 | cum_var=0.596
  Fold 06 [2023-06]: slicing daily cache for trading 2023-06-01 .. 2023-06-30
  Fold 06 [2023-06]: daily trading: 514 tickers
  Fold 06 [2023-06]: trading residual: 21 bars x 510 tickers
  Fold 06 [2023-06]: complete in 25.9s | n_trades=34, sharpe=-1.532, total_return=-0.0033, exits z/sl/open=3/1/30
  Fold 07 [2023-07]: slicing daily cache for formation 2022-07-01 .. 2023-06-30
  Fold 07 [2023-07]: daily formation: 514 tickers
  [v4-discovery] 514 formation tickers
  [v4-discovery] hard screens: 510 survivors
  [v4-discovery] fitting factor model (PCA on daily returns)...
  [v4-discovery] running pairwise Johansen on 510 tickers (129795 pairs)...
  [v4-discovery] pairwise tests done: 129795 candidates
WARNING FALLBACK CAP: kept top 500 by p-value
  Fold 07 [2023-07]: discovery: 60 pairs after beta>0 | cum_var=0.595
  Fold 07 [2023-07]: slicing daily cache for trading 2023-07-01 .. 2023-07-31
  Fold 07 [2023-07]: daily trading: 514 tickers
  Fold 07 [2023-07]: trading residual: 20 bars x 509 tickers
  Fold 07 [2023-07]: complete in 26.0s | n_trades=29, sharpe=+0.786, total_return=+0.0014, exits z/sl/open=3/1/26
  Fold 08 [2023-08]: slicing daily cache for formation 2022-08-01 .. 2023-07-31
  Fold 08 [2023-08]: daily formation: 515 tickers
  [v4-discovery] 515 formation tickers
  [v4-discovery] hard screens: 509 survivors
  [v4-discovery] fitting factor model (PCA on daily returns)...
  [v4-discovery] running pairwise Johansen on 509 tickers (129286 pairs)...
  [v4-discovery] pairwise tests done: 129286 candidates
WARNING FALLBACK CAP: kept top 500 by p-value
  Fold 08 [2023-08]: discovery: 32 pairs after beta>0 | cum_var=0.491
  Fold 08 [2023-08]: slicing daily cache for trading 2023-08-01 .. 2023-08-31
  Fold 08 [2023-08]: daily trading: 515 tickers
  Fold 08 [2023-08]: trading residual: 23 bars x 509 tickers
  Fold 08 [2023-08]: complete in 25.5s | n_trades=4, sharpe=-5.170, total_return=-0.0065, exits z/sl/open=1/0/3
  Fold 09 [2023-09]: slicing daily cache for formation 2022-09-01 .. 2023-08-31
  Fold 09 [2023-09]: daily formation: 516 tickers
  [v4-discovery] 516 formation tickers
  [v4-discovery] hard screens: 509 survivors
  [v4-discovery] fitting factor model (PCA on daily returns)...
  [v4-discovery] running pairwise Johansen on 509 tickers (129286 pairs)...
  [v4-discovery] pairwise tests done: 129286 candidates
WARNING FALLBACK CAP: kept top 500 by p-value
  Fold 09 [2023-09]: discovery: 213 pairs after beta>0 | cum_var=0.489
  Fold 09 [2023-09]: slicing daily cache for trading 2023-09-01 .. 2023-09-30
  Fold 09 [2023-09]: daily trading: 516 tickers
  Fold 09 [2023-09]: trading residual: 20 bars x 509 tickers
  Fold 09 [2023-09]: complete in 26.1s | n_trades=17, sharpe=-2.528, total_return=-0.1580, exits z/sl/open=2/0/15
  Fold 10 [2023-10]: slicing daily cache for formation 2022-10-01 .. 2023-09-30
  Fold 10 [2023-10]: daily formation: 517 tickers
  [v4-discovery] 517 formation tickers
  [v4-discovery] hard screens: 509 survivors
  [v4-discovery] fitting factor model (PCA on daily returns)...
  [v4-discovery] running pairwise Johansen on 509 tickers (129286 pairs)...
  [v4-discovery] pairwise tests done: 129286 candidates
WARNING FALLBACK CAP: kept top 500 by p-value
  Fold 10 [2023-10]: discovery: 73 pairs after beta>0 | cum_var=0.480
  Fold 10 [2023-10]: slicing daily cache for trading 2023-10-01 .. 2023-10-31
  Fold 10 [2023-10]: daily trading: 517 tickers
  Fold 10 [2023-10]: trading residual: 22 bars x 509 tickers
  Fold 10 [2023-10]: complete in 25.7s | n_trades=29, sharpe=+2.826, total_return=+0.2422, exits z/sl/open=11/0/20
  Fold 11 [2023-11]: slicing daily cache for formation 2022-11-01 .. 2023-10-31
  Fold 11 [2023-11]: daily formation: 518 tickers
  [v4-discovery] 518 formation tickers
  [v4-discovery] hard screens: 510 survivors
  [v4-discovery] fitting factor model (PCA on daily returns)...
  [v4-discovery] running pairwise Johansen on 510 tickers (129795 pairs)...
  [v4-discovery] pairwise tests done: 129795 candidates
WARNING FALLBACK CAP: kept top 500 by p-value
  Fold 11 [2023-11]: discovery: 104 pairs after beta>0 | cum_var=0.468
  Fold 11 [2023-11]: slicing daily cache for trading 2023-11-01 .. 2023-11-30
  Fold 11 [2023-11]: daily trading: 517 tickers
  Fold 11 [2023-11]: trading residual: 21 bars x 510 tickers
  Fold 11 [2023-11]: complete in 25.9s | n_trades=41, sharpe=+2.193, total_return=+0.0066, exits z/sl/open=5/4/33
  Fold 12 [2023-12]: slicing daily cache for formation 2022-12-01 .. 2023-11-30
  Fold 12 [2023-12]: daily formation: 518 tickers
  [v4-discovery] 518 formation tickers
  [v4-discovery] hard screens: 511 survivors
  [v4-discovery] fitting factor model (PCA on daily returns)...
  [v4-discovery] running pairwise Johansen on 511 tickers (130305 pairs)...
  [v4-discovery] pairwise tests done: 130305 candidates
WARNING FALLBACK CAP: kept top 500 by p-value
  Fold 12 [2023-12]: discovery: 66 pairs after beta>0 | cum_var=0.422
  Fold 12 [2023-12]: slicing daily cache for trading 2023-12-01 .. 2023-12-31
  Fold 12 [2023-12]: daily trading: 517 tickers
  Fold 12 [2023-12]: trading residual: 20 bars x 511 tickers
  Fold 12 [2023-12]: complete in 26.1s | n_trades=25, sharpe=+1.037, total_return=+0.0017, exits z/sl/open=5/0/21
  Fold 13 [2024-01]: slicing daily cache for formation 2023-01-01 .. 2023-12-31
  Fold 13 [2024-01]: daily formation: 518 tickers
  [v4-discovery] 518 formation tickers
  [v4-discovery] hard screens: 511 survivors
  [v4-discovery] fitting factor model (PCA on daily returns)...
  [v4-discovery] running pairwise Johansen on 511 tickers (130305 pairs)...
  [v4-discovery] pairwise tests done: 130305 candidates
WARNING FALLBACK CAP: kept top 500 by p-value
  Fold 13 [2024-01]: discovery: 75 pairs after beta>0 | cum_var=0.423
  Fold 13 [2024-01]: slicing daily cache for trading 2024-01-01 .. 2024-01-31
  Fold 13 [2024-01]: daily trading: 517 tickers
  Fold 13 [2024-01]: trading residual: 21 bars x 511 tickers
  Fold 13 [2024-01]: complete in 26.6s | n_trades=49, sharpe=+4.417, total_return=+0.0142, exits z/sl/open=15/4/31
  Fold 14 [2024-02]: slicing daily cache for formation 2023-02-01 .. 2024-01-31
  Fold 14 [2024-02]: daily formation: 518 tickers
  [v4-discovery] 518 formation tickers
  [v4-discovery] hard screens: 511 survivors
  [v4-discovery] fitting factor model (PCA on daily returns)...
  [v4-discovery] running pairwise Johansen on 511 tickers (130305 pairs)...
  [v4-discovery] pairwise tests done: 130305 candidates
WARNING FALLBACK CAP: kept top 500 by p-value
  Fold 14 [2024-02]: discovery: 144 pairs after beta>0 | cum_var=0.411
  Fold 14 [2024-02]: slicing daily cache for trading 2024-02-01 .. 2024-02-29
  Fold 14 [2024-02]: daily trading: 517 tickers
  Fold 14 [2024-02]: trading residual: 20 bars x 511 tickers
  Fold 14 [2024-02]: complete in 26.4s | n_trades=38, sharpe=-0.452, total_return=-0.0016, exits z/sl/open=13/1/24
  Fold 15 [2024-03]: slicing daily cache for formation 2023-03-01 .. 2024-02-29
  Fold 15 [2024-03]: daily formation: 518 tickers
  [v4-discovery] 518 formation tickers
  [v4-discovery] hard screens: 511 survivors
  [v4-discovery] fitting factor model (PCA on daily returns)...
  [v4-discovery] running pairwise Johansen on 511 tickers (130305 pairs)...
  [v4-discovery] pairwise tests done: 130305 candidates
WARNING FALLBACK CAP: kept top 500 by p-value
  Fold 15 [2024-03]: discovery: 91 pairs after beta>0 | cum_var=0.399
  Fold 15 [2024-03]: slicing daily cache for trading 2024-03-01 .. 2024-03-31
  Fold 15 [2024-03]: daily trading: 518 tickers
  Fold 15 [2024-03]: trading residual: 19 bars x 511 tickers
  Fold 15 [2024-03]: complete in 26.5s | n_trades=33, sharpe=-1.272, total_return=-0.0033, exits z/sl/open=5/1/28
  Fold 16 [2024-04]: slicing daily cache for formation 2023-04-01 .. 2024-03-31
  Fold 16 [2024-04]: daily formation: 519 tickers
  [v4-discovery] 519 formation tickers
  [v4-discovery] hard screens: 512 survivors
  [v4-discovery] fitting factor model (PCA on daily returns)...
  [v4-discovery] running pairwise Johansen on 512 tickers (130816 pairs)...
  [v4-discovery] pairwise tests done: 130816 candidates
WARNING FALLBACK CAP: kept top 500 by p-value
  Fold 16 [2024-04]: discovery: 87 pairs after beta>0 | cum_var=0.372
  Fold 16 [2024-04]: slicing daily cache for trading 2024-04-01 .. 2024-04-30
  Fold 16 [2024-04]: daily trading: 520 tickers
  Fold 16 [2024-04]: trading residual: 22 bars x 512 tickers
  Fold 16 [2024-04]: complete in 26.0s | n_trades=41, sharpe=-2.626, total_return=-0.0145, exits z/sl/open=5/2/34
  Fold 17 [2024-05]: slicing daily cache for formation 2023-05-01 .. 2024-04-30
  Fold 17 [2024-05]: daily formation: 521 tickers
  [v4-discovery] 521 formation tickers
  [v4-discovery] hard screens: 513 survivors
  [v4-discovery] fitting factor model (PCA on daily returns)...
  [v4-discovery] running pairwise Johansen on 513 tickers (131328 pairs)...
  [v4-discovery] pairwise tests done: 131328 candidates
WARNING FALLBACK CAP: kept top 500 by p-value
  Fold 17 [2024-05]: discovery: 77 pairs after beta>0 | cum_var=0.366
  Fold 17 [2024-05]: slicing daily cache for trading 2024-05-01 .. 2024-05-31
  Fold 17 [2024-05]: daily trading: 520 tickers
  Fold 17 [2024-05]: trading residual: 22 bars x 513 tickers
  Fold 17 [2024-05]: complete in 26.3s | n_trades=51, sharpe=-7.952, total_return=-0.0340, exits z/sl/open=8/5/38
  Fold 18 [2024-06]: slicing daily cache for formation 2023-06-01 .. 2024-05-31
  Fold 18 [2024-06]: daily formation: 521 tickers
  [v4-discovery] 521 formation tickers
  [v4-discovery] hard screens: 514 survivors
  [v4-discovery] fitting factor model (PCA on daily returns)...
  [v4-discovery] running pairwise Johansen on 514 tickers (131841 pairs)...
  [v4-discovery] pairwise tests done: 131841 candidates
WARNING FALLBACK CAP: kept top 500 by p-value
  Fold 18 [2024-06]: discovery: 72 pairs after beta>0 | cum_var=0.356
  Fold 18 [2024-06]: slicing daily cache for trading 2024-06-01 .. 2024-06-30
  Fold 18 [2024-06]: daily trading: 520 tickers
  Fold 18 [2024-06]: trading residual: 19 bars x 514 tickers
  Fold 18 [2024-06]: complete in 26.5s | n_trades=34, sharpe=-1.779, total_return=-0.0014, exits z/sl/open=7/2/26
  Fold 19 [2024-07]: slicing daily cache for formation 2023-07-01 .. 2024-06-30
  Fold 19 [2024-07]: daily formation: 520 tickers
  [v4-discovery] 520 formation tickers
  [v4-discovery] hard screens: 514 survivors
  [v4-discovery] fitting factor model (PCA on daily returns)...
  [v4-discovery] running pairwise Johansen on 514 tickers (131841 pairs)...
  [v4-discovery] pairwise tests done: 131841 candidates
WARNING FALLBACK CAP: kept top 500 by p-value
  Fold 19 [2024-07]: discovery: 58 pairs after beta>0 | cum_var=0.514
  Fold 19 [2024-07]: slicing daily cache for trading 2024-07-01 .. 2024-07-31
  Fold 19 [2024-07]: daily trading: 521 tickers
  Fold 19 [2024-07]: trading residual: 22 bars x 514 tickers
  Fold 19 [2024-07]: complete in 26.8s | n_trades=47, sharpe=+1.199, total_return=+0.0024, exits z/sl/open=15/4/31
  Fold 20 [2024-08]: slicing daily cache for formation 2023-08-01 .. 2024-07-31
  Fold 20 [2024-08]: daily formation: 521 tickers
  [v4-discovery] 521 formation tickers
  [v4-discovery] hard screens: 515 survivors
  [v4-discovery] fitting factor model (PCA on daily returns)...
  [v4-discovery] running pairwise Johansen on 515 tickers (132355 pairs)...
  [v4-discovery] pairwise tests done: 132355 candidates
WARNING FALLBACK CAP: kept top 500 by p-value
  Fold 20 [2024-08]: discovery: 50 pairs after beta>0 | cum_var=0.536
  Fold 20 [2024-08]: slicing daily cache for trading 2024-08-01 .. 2024-08-31
  Fold 20 [2024-08]: daily trading: 521 tickers
  Fold 20 [2024-08]: trading residual: 22 bars x 515 tickers
  Fold 20 [2024-08]: complete in 26.5s | n_trades=35, sharpe=+0.507, total_return=+0.0011, exits z/sl/open=6/2/29
  Fold 21 [2024-09]: slicing daily cache for formation 2023-09-01 .. 2024-08-31
  Fold 21 [2024-09]: daily formation: 521 tickers
  [v4-discovery] 521 formation tickers
  [v4-discovery] hard screens: 517 survivors
  [v4-discovery] fitting factor model (PCA on daily returns)...
  [v4-discovery] running pairwise Johansen on 517 tickers (133386 pairs)...
  [v4-discovery] pairwise tests done: 133386 candidates
WARNING FALLBACK CAP: kept top 500 by p-value
  Fold 21 [2024-09]: discovery: 82 pairs after beta>0 | cum_var=0.537
  Fold 21 [2024-09]: slicing daily cache for trading 2024-09-01 .. 2024-09-30
  Fold 21 [2024-09]: daily trading: 521 tickers
  Fold 21 [2024-09]: trading residual: 20 bars x 517 tickers
  Fold 21 [2024-09]: complete in 26.8s | n_trades=33, sharpe=-5.200, total_return=-0.0057, exits z/sl/open=6/1/26
  Fold 22 [2024-10]: slicing daily cache for formation 2023-10-01 .. 2024-09-30
  Fold 22 [2024-10]: daily formation: 521 tickers
  [v4-discovery] 521 formation tickers
  [v4-discovery] hard screens: 517 survivors
  [v4-discovery] fitting factor model (PCA on daily returns)...
  [v4-discovery] running pairwise Johansen on 517 tickers (133386 pairs)...
  [v4-discovery] pairwise tests done: 133386 candidates
WARNING FALLBACK CAP: kept top 500 by p-value
  Fold 22 [2024-10]: discovery: 55 pairs after beta>0 | cum_var=0.501
  Fold 22 [2024-10]: slicing daily cache for trading 2024-10-01 .. 2024-10-31
  Fold 22 [2024-10]: daily trading: 522 tickers
  Fold 22 [2024-10]: trading residual: 23 bars x 517 tickers
  Fold 22 [2024-10]: complete in 26.9s | n_trades=39, sharpe=-5.058, total_return=-0.0078, exits z/sl/open=7/1/31
  Fold 23 [2024-11]: slicing daily cache for formation 2023-11-01 .. 2024-10-31
  Fold 23 [2024-11]: daily formation: 522 tickers
  [v4-discovery] 522 formation tickers
  [v4-discovery] hard screens: 517 survivors
  [v4-discovery] fitting factor model (PCA on daily returns)...
  [v4-discovery] running pairwise Johansen on 517 tickers (133386 pairs)...
  [v4-discovery] pairwise tests done: 133386 candidates
WARNING FALLBACK CAP: kept top 500 by p-value
  Fold 23 [2024-11]: discovery: 42 pairs after beta>0 | cum_var=0.475
  Fold 23 [2024-11]: slicing daily cache for trading 2024-11-01 .. 2024-11-30
  Fold 23 [2024-11]: daily trading: 522 tickers
  Fold 23 [2024-11]: trading residual: 20 bars x 517 tickers
  Fold 23 [2024-11]: complete in 26.9s | n_trades=28, sharpe=-4.174, total_return=-0.0077, exits z/sl/open=3/4/22
  Fold 24 [2024-12]: slicing daily cache for formation 2023-12-01 .. 2024-11-30
  Fold 24 [2024-12]: daily formation: 522 tickers
  [v4-discovery] 522 formation tickers
  [v4-discovery] hard screens: 517 survivors
  [v4-discovery] fitting factor model (PCA on daily returns)...
  [v4-discovery] running pairwise Johansen on 517 tickers (133386 pairs)...
  [v4-discovery] pairwise tests done: 133386 candidates
WARNING FALLBACK CAP: kept top 500 by p-value
  Fold 24 [2024-12]: discovery: 33 pairs after beta>0 | cum_var=0.466
  Fold 24 [2024-12]: slicing daily cache for trading 2024-12-01 .. 2024-12-31
  Fold 24 [2024-12]: daily trading: 522 tickers
  Fold 24 [2024-12]: trading residual: 21 bars x 517 tickers
  Fold 24 [2024-12]: complete in 26.7s | n_trades=10, sharpe=-2.359, total_return=-0.0030, exits z/sl/open=0/0/10
  Fold 25 [2025-01]: slicing daily cache for formation 2024-01-01 .. 2024-12-31
  Fold 25 [2025-01]: daily formation: 522 tickers
  [v4-discovery] 522 formation tickers
  [v4-discovery] hard screens: 517 survivors
  [v4-discovery] fitting factor model (PCA on daily returns)...
  [v4-discovery] running pairwise Johansen on 517 tickers (133386 pairs)...
  [v4-discovery] pairwise tests done: 133386 candidates
WARNING FALLBACK CAP: kept top 500 by p-value
  Fold 25 [2025-01]: discovery: 56 pairs after beta>0 | cum_var=0.440
  Fold 25 [2025-01]: slicing daily cache for trading 2025-01-01 .. 2025-01-31
  Fold 25 [2025-01]: daily trading: 523 tickers
  Fold 25 [2025-01]: trading residual: 20 bars x 517 tickers
  Fold 25 [2025-01]: complete in 26.5s | n_trades=44, sharpe=-2.577, total_return=-0.0052, exits z/sl/open=6/0/39
  Fold 26 [2025-02]: slicing daily cache for formation 2024-02-01 .. 2025-01-31
  Fold 26 [2025-02]: daily formation: 523 tickers
  [v4-discovery] 523 formation tickers
  [v4-discovery] hard screens: 517 survivors
  [v4-discovery] fitting factor model (PCA on daily returns)...
  [v4-discovery] running pairwise Johansen on 517 tickers (133386 pairs)...
  [v4-discovery] pairwise tests done: 133386 candidates
WARNING FALLBACK CAP: kept top 500 by p-value
  Fold 26 [2025-02]: discovery: 127 pairs after beta>0 | cum_var=0.435
  Fold 26 [2025-02]: slicing daily cache for trading 2025-02-01 .. 2025-02-28
  Fold 26 [2025-02]: daily trading: 524 tickers
  Fold 26 [2025-02]: trading residual: 19 bars x 517 tickers
  Fold 26 [2025-02]: complete in 26.5s | n_trades=28, sharpe=+3.046, total_return=+0.0064, exits z/sl/open=7/0/22
  Fold 27 [2025-03]: slicing daily cache for formation 2024-03-01 .. 2025-02-28
  Fold 27 [2025-03]: daily formation: 524 tickers
  [v4-discovery] 524 formation tickers
  [v4-discovery] hard screens: 520 survivors
  [v4-discovery] fitting factor model (PCA on daily returns)...
  [v4-discovery] running pairwise Johansen on 520 tickers (134940 pairs)...
  [v4-discovery] pairwise tests done: 134940 candidates
WARNING FALLBACK CAP: kept top 500 by p-value
  Fold 27 [2025-03]: discovery: 93 pairs after beta>0 | cum_var=0.458
  Fold 27 [2025-03]: slicing daily cache for trading 2025-03-01 .. 2025-03-31
  Fold 27 [2025-03]: daily trading: 524 tickers
  Fold 27 [2025-03]: trading residual: 21 bars x 520 tickers
  Fold 27 [2025-03]: complete in 26.7s | n_trades=28, sharpe=-1.356, total_return=-0.0024, exits z/sl/open=4/0/24
  Fold 28 [2025-04]: slicing daily cache for formation 2024-04-01 .. 2025-03-31
  Fold 28 [2025-04]: daily formation: 524 tickers
  [v4-discovery] 524 formation tickers
  [v4-discovery] hard screens: 520 survivors
  [v4-discovery] fitting factor model (PCA on daily returns)...
  [v4-discovery] running pairwise Johansen on 520 tickers (134940 pairs)...
  [v4-discovery] pairwise tests done: 134940 candidates
WARNING FALLBACK CAP: kept top 500 by p-value
  Fold 28 [2025-04]: discovery: 72 pairs after beta>0 | cum_var=0.455
  Fold 28 [2025-04]: slicing daily cache for trading 2025-04-01 .. 2025-04-30
  Fold 28 [2025-04]: daily trading: 524 tickers
  Fold 28 [2025-04]: trading residual: 21 bars x 520 tickers
  Fold 28 [2025-04]: complete in 27.0s | n_trades=35, sharpe=+2.524, total_return=+0.0089, exits z/sl/open=11/0/24
  Fold 29 [2025-05]: slicing daily cache for formation 2024-05-01 .. 2025-04-30
  Fold 29 [2025-05]: daily formation: 524 tickers
  [v4-discovery] 524 formation tickers
  [v4-discovery] hard screens: 520 survivors
  [v4-discovery] fitting factor model (PCA on daily returns)...
  [v4-discovery] running pairwise Johansen on 520 tickers (134940 pairs)...
  [v4-discovery] pairwise tests done: 134940 candidates
WARNING FALLBACK CAP: kept top 500 by p-value
  Fold 29 [2025-05]: discovery: 88 pairs after beta>0 | cum_var=0.502
  Fold 29 [2025-05]: slicing daily cache for trading 2025-05-01 .. 2025-05-31
  Fold 29 [2025-05]: daily trading: 524 tickers
  Fold 29 [2025-05]: trading residual: 21 bars x 520 tickers
  Fold 29 [2025-05]: complete in 26.4s | n_trades=16, sharpe=-0.371, total_return=-0.0005, exits z/sl/open=0/0/16
  Fold 30 [2025-06]: slicing daily cache for formation 2024-06-01 .. 2025-05-31
  Fold 30 [2025-06]: daily formation: 524 tickers
  [v4-discovery] 524 formation tickers
  [v4-discovery] hard screens: 521 survivors
  [v4-discovery] fitting factor model (PCA on daily returns)...
  [v4-discovery] running pairwise Johansen on 521 tickers (135460 pairs)...
  [v4-discovery] pairwise tests done: 135460 candidates
WARNING FALLBACK CAP: kept top 500 by p-value
  Fold 30 [2025-06]: discovery: 140 pairs after beta>0 | cum_var=0.501
  Fold 30 [2025-06]: slicing daily cache for trading 2025-06-01 .. 2025-06-30
  Fold 30 [2025-06]: daily trading: 524 tickers
  Fold 30 [2025-06]: trading residual: 20 bars x 521 tickers
  Fold 30 [2025-06]: complete in 27.1s | n_trades=21, sharpe=+1.577, total_return=+0.0023, exits z/sl/open=3/0/18
  Fold 31 [2025-07]: slicing daily cache for formation 2024-07-01 .. 2025-06-30
  Fold 31 [2025-07]: daily formation: 524 tickers
  [v4-discovery] 524 formation tickers
  [v4-discovery] hard screens: 521 survivors
  [v4-discovery] fitting factor model (PCA on daily returns)...
  [v4-discovery] running pairwise Johansen on 521 tickers (135460 pairs)...
  [v4-discovery] pairwise tests done: 135460 candidates
WARNING FALLBACK CAP: kept top 500 by p-value
  Fold 31 [2025-07]: discovery: 113 pairs after beta>0 | cum_var=0.483
  Fold 31 [2025-07]: slicing daily cache for trading 2025-07-01 .. 2025-07-31
  Fold 31 [2025-07]: daily trading: 524 tickers
  Fold 31 [2025-07]: trading residual: 22 bars x 521 tickers
  Fold 31 [2025-07]: complete in 27.1s | n_trades=38, sharpe=+2.749, total_return=+0.0374, exits z/sl/open=8/4/30
  Fold 32 [2025-08]: slicing daily cache for formation 2024-08-01 .. 2025-07-31
  Fold 32 [2025-08]: daily formation: 524 tickers
  [v4-discovery] 524 formation tickers
  [v4-discovery] hard screens: 521 survivors
  [v4-discovery] fitting factor model (PCA on daily returns)...
  [v4-discovery] running pairwise Johansen on 521 tickers (135460 pairs)...
  [v4-discovery] pairwise tests done: 135460 candidates
WARNING FALLBACK CAP: kept top 500 by p-value
  Fold 32 [2025-08]: discovery: 76 pairs after beta>0 | cum_var=0.489
  Fold 32 [2025-08]: slicing daily cache for trading 2025-08-01 .. 2025-08-31
  Fold 32 [2025-08]: daily trading: 525 tickers
  Fold 32 [2025-08]: trading residual: 21 bars x 521 tickers
  Fold 32 [2025-08]: complete in 26.9s | n_trades=50, sharpe=-0.146, total_return=-0.0006, exits z/sl/open=12/6/37
  Fold 33 [2025-09]: slicing daily cache for formation 2024-09-01 .. 2025-08-31
  Fold 33 [2025-09]: daily formation: 525 tickers
  [v4-discovery] 525 formation tickers
  [v4-discovery] hard screens: 522 survivors
  [v4-discovery] fitting factor model (PCA on daily returns)...
  [v4-discovery] running pairwise Johansen on 522 tickers (135981 pairs)...
  [v4-discovery] pairwise tests done: 135981 candidates
WARNING FALLBACK CAP: kept top 500 by p-value
  Fold 33 [2025-09]: discovery: 48 pairs after beta>0 | cum_var=0.503
  Fold 33 [2025-09]: slicing daily cache for trading 2025-09-01 .. 2025-09-30
  Fold 33 [2025-09]: daily trading: 525 tickers
  Fold 33 [2025-09]: trading residual: 21 bars x 522 tickers
  Fold 33 [2025-09]: complete in 27.1s | n_trades=21, sharpe=-5.554, total_return=-0.0068, exits z/sl/open=3/1/17
  Fold 34 [2025-10]: slicing daily cache for formation 2024-10-01 .. 2025-09-30
  Fold 34 [2025-10]: daily formation: 525 tickers
  [v4-discovery] 525 formation tickers
  [v4-discovery] hard screens: 522 survivors
  [v4-discovery] fitting factor model (PCA on daily returns)...
  [v4-discovery] running pairwise Johansen on 522 tickers (135981 pairs)...
  [v4-discovery] pairwise tests done: 135981 candidates
WARNING FALLBACK CAP: kept top 500 by p-value
  Fold 34 [2025-10]: discovery: 44 pairs after beta>0 | cum_var=0.488
  Fold 34 [2025-10]: slicing daily cache for trading 2025-10-01 .. 2025-10-31
  Fold 34 [2025-10]: daily trading: 525 tickers
  Fold 34 [2025-10]: trading residual: 23 bars x 522 tickers
  Fold 34 [2025-10]: complete in 27.0s | n_trades=28, sharpe=+0.385, total_return=+0.0023, exits z/sl/open=3/2/24
  Fold 35 [2025-11]: slicing daily cache for formation 2024-11-01 .. 2025-10-31
  Fold 35 [2025-11]: daily formation: 525 tickers
  [v4-discovery] 525 formation tickers
  [v4-discovery] hard screens: 522 survivors
  [v4-discovery] fitting factor model (PCA on daily returns)...
  [v4-discovery] running pairwise Johansen on 522 tickers (135981 pairs)...
  [v4-discovery] pairwise tests done: 135981 candidates
WARNING FALLBACK CAP: kept top 500 by p-value
  Fold 35 [2025-11]: discovery: 52 pairs after beta>0 | cum_var=0.483
  Fold 35 [2025-11]: slicing daily cache for trading 2025-11-01 .. 2025-11-30
  Fold 35 [2025-11]: daily trading: 527 tickers
  Fold 35 [2025-11]: trading residual: 19 bars x 522 tickers
  Fold 35 [2025-11]: complete in 26.4s | n_trades=26, sharpe=+1.556, total_return=+0.0024, exits z/sl/open=9/0/18
  Fold 36 [2025-12]: slicing daily cache for formation 2024-12-01 .. 2025-11-30
  Fold 36 [2025-12]: daily formation: 527 tickers
  [v4-discovery] 527 formation tickers
  [v4-discovery] hard screens: 522 survivors
  [v4-discovery] fitting factor model (PCA on daily returns)...
  [v4-discovery] running pairwise Johansen on 522 tickers (135981 pairs)...
  [v4-discovery] pairwise tests done: 135981 candidates
WARNING FALLBACK CAP: kept top 500 by p-value
  Fold 36 [2025-12]: discovery: 1 pairs after beta>0 | cum_var=0.496
  Fold 36 [2025-12]: slicing daily cache for trading 2025-12-01 .. 2025-12-31
  Fold 36 [2025-12]: daily trading: 527 tickers
  Fold 36 [2025-12]: trading residual: 22 bars x 522 tickers
  Fold 36 [2025-12]: complete in 27.0s | n_trades=0, sharpe=+0.000, total_return=+0.0000, exits z/sl/open=0/0/0
  Fold 37 [2026-01]: slicing daily cache for formation 2025-01-01 .. 2025-12-31
  Fold 37 [2026-01]: daily formation: 527 tickers
  [v4-discovery] 527 formation tickers
  [v4-discovery] hard screens: 523 survivors
  [v4-discovery] fitting factor model (PCA on daily returns)...
  [v4-discovery] running pairwise Johansen on 523 tickers (136503 pairs)...
  [v4-discovery] pairwise tests done: 136503 candidates
WARNING FALLBACK CAP: kept top 500 by p-value
  Fold 37 [2026-01]: discovery: 103 pairs after beta>0 | cum_var=0.496
  Fold 37 [2026-01]: slicing daily cache for trading 2026-01-01 .. 2026-01-31
  Fold 37 [2026-01]: daily trading: 528 tickers
  Fold 37 [2026-01]: trading residual: 20 bars x 523 tickers
  Fold 37 [2026-01]: complete in 27.7s | n_trades=58, sharpe=-2.286, total_return=-0.0136, exits z/sl/open=12/6/41
  Fold 38 [2026-02]: slicing daily cache for formation 2025-02-01 .. 2026-01-31
  Fold 38 [2026-02]: daily formation: 528 tickers
  [v4-discovery] 528 formation tickers
  [v4-discovery] hard screens: 524 survivors
  [v4-discovery] fitting factor model (PCA on daily returns)...
  [v4-discovery] running pairwise Johansen on 524 tickers (137026 pairs)...
  [v4-discovery] pairwise tests done: 137026 candidates
WARNING FALLBACK CAP: kept top 500 by p-value
  Fold 38 [2026-02]: discovery: 94 pairs after beta>0 | cum_var=0.482
  Fold 38 [2026-02]: slicing daily cache for trading 2026-02-01 .. 2026-02-28
  Fold 38 [2026-02]: daily trading: 528 tickers
  Fold 38 [2026-02]: trading residual: 19 bars x 524 tickers
  Fold 38 [2026-02]: complete in 27.2s | n_trades=53, sharpe=-4.100, total_return=-0.0171, exits z/sl/open=9/5/40
  Fold 39 [2026-03]: slicing daily cache for formation 2025-03-01 .. 2026-02-28
  Fold 39 [2026-03]: daily formation: 528 tickers
  [v4-discovery] 528 formation tickers
  [v4-discovery] hard screens: 524 survivors
  [v4-discovery] fitting factor model (PCA on daily returns)...
  [v4-discovery] running pairwise Johansen on 524 tickers (137026 pairs)...
  [v4-discovery] pairwise tests done: 137026 candidates
WARNING FALLBACK CAP: kept top 500 by p-value
  Fold 39 [2026-03]: discovery: 59 pairs after beta>0 | cum_var=0.462
  Fold 39 [2026-03]: slicing daily cache for trading 2026-03-01 .. 2026-03-31
  Fold 39 [2026-03]: daily trading: 528 tickers
  Fold 39 [2026-03]: trading residual: 14 bars x 524 tickers
  Fold 39 [2026-03]: complete in 27.0s | n_trades=24, sharpe=-2.218, total_return=-0.0076, exits z/sl/open=3/1/20

Combo ez2.0_hl10 done in 1033s
  mean Sharpe (all 39)=-0.963, median=-0.911, winners=15/38
  train (1-30): mean Sharpe=-0.899, OOS (31-39): mean Sharpe=-1.202

============================================================
[5/9] Combo: entry_z=2.0, hl_max=15.0 -> ez2.0_hl15
============================================================
  Fold 01 [2023-01]: slicing daily cache for formation 2022-01-01 .. 2022-12-31
  Fold 01 [2023-01]: daily formation: 511 tickers
  [v4-discovery] 511 formation tickers
  [v4-discovery] hard screens: 506 survivors
  [v4-discovery] fitting factor model (PCA on daily returns)...
  [v4-discovery] running pairwise Johansen on 506 tickers (127765 pairs)...
  [v4-discovery] pairwise tests done: 127765 candidates
WARNING FALLBACK CAP: kept top 500 by p-value
  Fold 01 [2023-01]: discovery: 124 pairs after beta>0 | cum_var=0.623
  Fold 01 [2023-01]: slicing daily cache for trading 2023-01-01 .. 2023-01-31
  Fold 01 [2023-01]: daily trading: 512 tickers
  Fold 01 [2023-01]: trading residual: 20 bars x 506 tickers
  Fold 01 [2023-01]: complete in 26.1s | n_trades=36, sharpe=+0.595, total_return=+0.0019, exits z/sl/open=5/0/31
  Fold 02 [2023-02]: slicing daily cache for formation 2022-02-01 .. 2023-01-31
  Fold 02 [2023-02]: daily formation: 512 tickers
  [v4-discovery] 512 formation tickers
  [v4-discovery] hard screens: 506 survivors
  [v4-discovery] fitting factor model (PCA on daily returns)...
  [v4-discovery] running pairwise Johansen on 506 tickers (127765 pairs)...
  [v4-discovery] pairwise tests done: 127765 candidates
WARNING FALLBACK CAP: kept top 500 by p-value
  Fold 02 [2023-02]: discovery: 119 pairs after beta>0 | cum_var=0.614
  Fold 02 [2023-02]: slicing daily cache for trading 2023-02-01 .. 2023-02-28
  Fold 02 [2023-02]: daily trading: 512 tickers
  Fold 02 [2023-02]: trading residual: 19 bars x 506 tickers
  Fold 02 [2023-02]: complete in 26.2s | n_trades=49, sharpe=+1.491, total_return=+0.0057, exits z/sl/open=9/3/38
  Fold 03 [2023-03]: slicing daily cache for formation 2022-03-01 .. 2023-02-28
  Fold 03 [2023-03]: daily formation: 512 tickers
  [v4-discovery] 512 formation tickers
  [v4-discovery] hard screens: 506 survivors
  [v4-discovery] fitting factor model (PCA on daily returns)...
  [v4-discovery] running pairwise Johansen on 506 tickers (127765 pairs)...
  [v4-discovery] pairwise tests done: 127765 candidates
WARNING FALLBACK CAP: kept top 500 by p-value
  Fold 03 [2023-03]: discovery: 148 pairs after beta>0 | cum_var=0.615
  Fold 03 [2023-03]: slicing daily cache for trading 2023-03-01 .. 2023-03-31
  Fold 03 [2023-03]: daily trading: 512 tickers
  Fold 03 [2023-03]: trading residual: 23 bars x 506 tickers
  Fold 03 [2023-03]: complete in 26.5s | n_trades=85, sharpe=-3.919, total_return=-0.0335, exits z/sl/open=5/14/66
  Fold 04 [2023-04]: slicing daily cache for formation 2022-04-01 .. 2023-03-31
  Fold 04 [2023-04]: daily formation: 512 tickers
  [v4-discovery] 512 formation tickers
  [v4-discovery] hard screens: 507 survivors
  [v4-discovery] fitting factor model (PCA on daily returns)...
  [v4-discovery] running pairwise Johansen on 507 tickers (128271 pairs)...
  [v4-discovery] pairwise tests done: 128271 candidates
WARNING FALLBACK CAP: kept top 500 by p-value
  Fold 04 [2023-04]: discovery: 90 pairs after beta>0 | cum_var=0.616
  Fold 04 [2023-04]: slicing daily cache for trading 2023-04-01 .. 2023-04-30
  Fold 04 [2023-04]: daily trading: 512 tickers
  Fold 04 [2023-04]: trading residual: 19 bars x 507 tickers
  Fold 04 [2023-04]: complete in 25.9s | n_trades=24, sharpe=+6.826, total_return=+0.0084, exits z/sl/open=7/0/19
  Fold 05 [2023-05]: slicing daily cache for formation 2022-05-01 .. 2023-04-30
  Fold 05 [2023-05]: daily formation: 512 tickers
  [v4-discovery] 512 formation tickers
  [v4-discovery] hard screens: 508 survivors
  [v4-discovery] fitting factor model (PCA on daily returns)...
  [v4-discovery] running pairwise Johansen on 508 tickers (128778 pairs)...
  [v4-discovery] pairwise tests done: 128778 candidates
WARNING FALLBACK CAP: kept top 500 by p-value
  Fold 05 [2023-05]: discovery: 118 pairs after beta>0 | cum_var=0.612
  Fold 05 [2023-05]: slicing daily cache for trading 2023-05-01 .. 2023-05-31
  Fold 05 [2023-05]: daily trading: 514 tickers
  Fold 05 [2023-05]: trading residual: 22 bars x 508 tickers
  Fold 05 [2023-05]: complete in 25.6s | n_trades=10, sharpe=-2.250, total_return=-0.0133, exits z/sl/open=0/0/10
  Fold 06 [2023-06]: slicing daily cache for formation 2022-06-01 .. 2023-05-31
  Fold 06 [2023-06]: daily formation: 514 tickers
  [v4-discovery] 514 formation tickers
  [v4-discovery] hard screens: 510 survivors
  [v4-discovery] fitting factor model (PCA on daily returns)...
  [v4-discovery] running pairwise Johansen on 510 tickers (129795 pairs)...
  [v4-discovery] pairwise tests done: 129795 candidates
WARNING FALLBACK CAP: kept top 500 by p-value
  Fold 06 [2023-06]: discovery: 121 pairs after beta>0 | cum_var=0.596
  Fold 06 [2023-06]: slicing daily cache for trading 2023-06-01 .. 2023-06-30
  Fold 06 [2023-06]: daily trading: 514 tickers
  Fold 06 [2023-06]: trading residual: 21 bars x 510 tickers
  Fold 06 [2023-06]: complete in 25.8s | n_trades=53, sharpe=-0.012, total_return=-0.0000, exits z/sl/open=10/1/42
  Fold 07 [2023-07]: slicing daily cache for formation 2022-07-01 .. 2023-06-30
  Fold 07 [2023-07]: daily formation: 514 tickers
  [v4-discovery] 514 formation tickers
  [v4-discovery] hard screens: 510 survivors
  [v4-discovery] fitting factor model (PCA on daily returns)...
  [v4-discovery] running pairwise Johansen on 510 tickers (129795 pairs)...
  [v4-discovery] pairwise tests done: 129795 candidates
WARNING FALLBACK CAP: kept top 500 by p-value
  Fold 07 [2023-07]: discovery: 123 pairs after beta>0 | cum_var=0.595
  Fold 07 [2023-07]: slicing daily cache for trading 2023-07-01 .. 2023-07-31
  Fold 07 [2023-07]: daily trading: 514 tickers
  Fold 07 [2023-07]: trading residual: 20 bars x 509 tickers
  Fold 07 [2023-07]: complete in 26.1s | n_trades=40, sharpe=+2.688, total_return=+0.1278, exits z/sl/open=6/1/34
  Fold 08 [2023-08]: slicing daily cache for formation 2022-08-01 .. 2023-07-31
  Fold 08 [2023-08]: daily formation: 515 tickers
  [v4-discovery] 515 formation tickers
  [v4-discovery] hard screens: 509 survivors
  [v4-discovery] fitting factor model (PCA on daily returns)...
  [v4-discovery] running pairwise Johansen on 509 tickers (129286 pairs)...
  [v4-discovery] pairwise tests done: 129286 candidates
WARNING FALLBACK CAP: kept top 500 by p-value
  Fold 08 [2023-08]: discovery: 52 pairs after beta>0 | cum_var=0.491
  Fold 08 [2023-08]: slicing daily cache for trading 2023-08-01 .. 2023-08-31
  Fold 08 [2023-08]: daily trading: 515 tickers
  Fold 08 [2023-08]: trading residual: 23 bars x 509 tickers
  Fold 08 [2023-08]: complete in 25.8s | n_trades=5, sharpe=-3.582, total_return=-0.0043, exits z/sl/open=1/0/4
  Fold 09 [2023-09]: slicing daily cache for formation 2022-09-01 .. 2023-08-31
  Fold 09 [2023-09]: daily formation: 516 tickers
  [v4-discovery] 516 formation tickers
  [v4-discovery] hard screens: 509 survivors
  [v4-discovery] fitting factor model (PCA on daily returns)...
  [v4-discovery] running pairwise Johansen on 509 tickers (129286 pairs)...
  [v4-discovery] pairwise tests done: 129286 candidates
WARNING FALLBACK CAP: kept top 500 by p-value
  Fold 09 [2023-09]: discovery: 227 pairs after beta>0 | cum_var=0.489
  Fold 09 [2023-09]: slicing daily cache for trading 2023-09-01 .. 2023-09-30
  Fold 09 [2023-09]: daily trading: 516 tickers
  Fold 09 [2023-09]: trading residual: 20 bars x 509 tickers
  Fold 09 [2023-09]: complete in 25.7s | n_trades=21, sharpe=-2.530, total_return=-0.1582, exits z/sl/open=2/0/19
  Fold 10 [2023-10]: slicing daily cache for formation 2022-10-01 .. 2023-09-30
  Fold 10 [2023-10]: daily formation: 517 tickers
  [v4-discovery] 517 formation tickers
  [v4-discovery] hard screens: 509 survivors
  [v4-discovery] fitting factor model (PCA on daily returns)...
  [v4-discovery] running pairwise Johansen on 509 tickers (129286 pairs)...
  [v4-discovery] pairwise tests done: 129286 candidates
WARNING FALLBACK CAP: kept top 500 by p-value
  Fold 10 [2023-10]: discovery: 121 pairs after beta>0 | cum_var=0.480
  Fold 10 [2023-10]: slicing daily cache for trading 2023-10-01 .. 2023-10-31
  Fold 10 [2023-10]: daily trading: 517 tickers
  Fold 10 [2023-10]: trading residual: 22 bars x 509 tickers
  Fold 10 [2023-10]: complete in 26.1s | n_trades=34, sharpe=+3.230, total_return=+0.2847, exits z/sl/open=15/0/21
  Fold 11 [2023-11]: slicing daily cache for formation 2022-11-01 .. 2023-10-31
  Fold 11 [2023-11]: daily formation: 518 tickers
  [v4-discovery] 518 formation tickers
  [v4-discovery] hard screens: 510 survivors
  [v4-discovery] fitting factor model (PCA on daily returns)...
  [v4-discovery] running pairwise Johansen on 510 tickers (129795 pairs)...
  [v4-discovery] pairwise tests done: 129795 candidates
WARNING FALLBACK CAP: kept top 500 by p-value
  Fold 11 [2023-11]: discovery: 163 pairs after beta>0 | cum_var=0.468
  Fold 11 [2023-11]: slicing daily cache for trading 2023-11-01 .. 2023-11-30
  Fold 11 [2023-11]: daily trading: 517 tickers
  Fold 11 [2023-11]: trading residual: 21 bars x 510 tickers
  Fold 11 [2023-11]: complete in 26.2s | n_trades=54, sharpe=+1.489, total_return=+0.0100, exits z/sl/open=8/2/45
  Fold 12 [2023-12]: slicing daily cache for formation 2022-12-01 .. 2023-11-30
  Fold 12 [2023-12]: daily formation: 518 tickers
  [v4-discovery] 518 formation tickers
  [v4-discovery] hard screens: 511 survivors
  [v4-discovery] fitting factor model (PCA on daily returns)...
  [v4-discovery] running pairwise Johansen on 511 tickers (130305 pairs)...
  [v4-discovery] pairwise tests done: 130305 candidates
WARNING FALLBACK CAP: kept top 500 by p-value
  Fold 12 [2023-12]: discovery: 113 pairs after beta>0 | cum_var=0.422
  Fold 12 [2023-12]: slicing daily cache for trading 2023-12-01 .. 2023-12-31
  Fold 12 [2023-12]: daily trading: 517 tickers
  Fold 12 [2023-12]: trading residual: 20 bars x 511 tickers
  Fold 12 [2023-12]: complete in 26.2s | n_trades=45, sharpe=+0.404, total_return=+0.0008, exits z/sl/open=8/2/36
  Fold 13 [2024-01]: slicing daily cache for formation 2023-01-01 .. 2023-12-31
  Fold 13 [2024-01]: daily formation: 518 tickers
  [v4-discovery] 518 formation tickers
  [v4-discovery] hard screens: 511 survivors
  [v4-discovery] fitting factor model (PCA on daily returns)...
  [v4-discovery] running pairwise Johansen on 511 tickers (130305 pairs)...
  [v4-discovery] pairwise tests done: 130305 candidates
WARNING FALLBACK CAP: kept top 500 by p-value
  Fold 13 [2024-01]: discovery: 139 pairs after beta>0 | cum_var=0.423
  Fold 13 [2024-01]: slicing daily cache for trading 2024-01-01 .. 2024-01-31
  Fold 13 [2024-01]: daily trading: 517 tickers
  Fold 13 [2024-01]: trading residual: 21 bars x 511 tickers
  Fold 13 [2024-01]: complete in 26.1s | n_trades=72, sharpe=-3.209, total_return=-0.0231, exits z/sl/open=17/8/47
  Fold 14 [2024-02]: slicing daily cache for formation 2023-02-01 .. 2024-01-31
  Fold 14 [2024-02]: daily formation: 518 tickers
  [v4-discovery] 518 formation tickers
  [v4-discovery] hard screens: 511 survivors
  [v4-discovery] fitting factor model (PCA on daily returns)...
  [v4-discovery] running pairwise Johansen on 511 tickers (130305 pairs)...
  [v4-discovery] pairwise tests done: 130305 candidates
WARNING FALLBACK CAP: kept top 500 by p-value
  Fold 14 [2024-02]: discovery: 184 pairs after beta>0 | cum_var=0.411
  Fold 14 [2024-02]: slicing daily cache for trading 2024-02-01 .. 2024-02-29
  Fold 14 [2024-02]: daily trading: 517 tickers
  Fold 14 [2024-02]: trading residual: 20 bars x 511 tickers
  Fold 14 [2024-02]: complete in 26.1s | n_trades=43, sharpe=-0.370, total_return=-0.0015, exits z/sl/open=13/3/27
  Fold 15 [2024-03]: slicing daily cache for formation 2023-03-01 .. 2024-02-29
  Fold 15 [2024-03]: daily formation: 518 tickers
  [v4-discovery] 518 formation tickers
  [v4-discovery] hard screens: 511 survivors
  [v4-discovery] fitting factor model (PCA on daily returns)...
  [v4-discovery] running pairwise Johansen on 511 tickers (130305 pairs)...
  [v4-discovery] pairwise tests done: 130305 candidates
WARNING FALLBACK CAP: kept top 500 by p-value
  Fold 15 [2024-03]: discovery: 138 pairs after beta>0 | cum_var=0.399
  Fold 15 [2024-03]: slicing daily cache for trading 2024-03-01 .. 2024-03-31
  Fold 15 [2024-03]: daily trading: 518 tickers
  Fold 15 [2024-03]: trading residual: 19 bars x 511 tickers
  Fold 15 [2024-03]: complete in 26.1s | n_trades=42, sharpe=+5.527, total_return=+0.0955, exits z/sl/open=4/1/37
  Fold 16 [2024-04]: slicing daily cache for formation 2023-04-01 .. 2024-03-31
  Fold 16 [2024-04]: daily formation: 519 tickers
  [v4-discovery] 519 formation tickers
  [v4-discovery] hard screens: 512 survivors
  [v4-discovery] fitting factor model (PCA on daily returns)...
  [v4-discovery] running pairwise Johansen on 512 tickers (130816 pairs)...
  [v4-discovery] pairwise tests done: 130816 candidates
WARNING FALLBACK CAP: kept top 500 by p-value
  Fold 16 [2024-04]: discovery: 127 pairs after beta>0 | cum_var=0.372
  Fold 16 [2024-04]: slicing daily cache for trading 2024-04-01 .. 2024-04-30
  Fold 16 [2024-04]: daily trading: 520 tickers
  Fold 16 [2024-04]: trading residual: 22 bars x 512 tickers
  Fold 16 [2024-04]: complete in 26.1s | n_trades=47, sharpe=-3.499, total_return=-0.0197, exits z/sl/open=7/2/38
  Fold 17 [2024-05]: slicing daily cache for formation 2023-05-01 .. 2024-04-30
  Fold 17 [2024-05]: daily formation: 521 tickers
  [v4-discovery] 521 formation tickers
  [v4-discovery] hard screens: 513 survivors
  [v4-discovery] fitting factor model (PCA on daily returns)...
  [v4-discovery] running pairwise Johansen on 513 tickers (131328 pairs)...
  [v4-discovery] pairwise tests done: 131328 candidates
WARNING FALLBACK CAP: kept top 500 by p-value
  Fold 17 [2024-05]: discovery: 114 pairs after beta>0 | cum_var=0.366
  Fold 17 [2024-05]: slicing daily cache for trading 2024-05-01 .. 2024-05-31
  Fold 17 [2024-05]: daily trading: 520 tickers
  Fold 17 [2024-05]: trading residual: 22 bars x 513 tickers
  Fold 17 [2024-05]: complete in 26.4s | n_trades=65, sharpe=-4.653, total_return=-0.0214, exits z/sl/open=8/4/53
  Fold 18 [2024-06]: slicing daily cache for formation 2023-06-01 .. 2024-05-31
  Fold 18 [2024-06]: daily formation: 521 tickers
  [v4-discovery] 521 formation tickers
  [v4-discovery] hard screens: 514 survivors
  [v4-discovery] fitting factor model (PCA on daily returns)...
  [v4-discovery] running pairwise Johansen on 514 tickers (131841 pairs)...
  [v4-discovery] pairwise tests done: 131841 candidates
WARNING FALLBACK CAP: kept top 500 by p-value
  Fold 18 [2024-06]: discovery: 133 pairs after beta>0 | cum_var=0.356
  Fold 18 [2024-06]: slicing daily cache for trading 2024-06-01 .. 2024-06-30
  Fold 18 [2024-06]: daily trading: 520 tickers
  Fold 18 [2024-06]: trading residual: 19 bars x 514 tickers
  Fold 18 [2024-06]: complete in 26.6s | n_trades=45, sharpe=-5.379, total_return=-0.0212, exits z/sl/open=8/2/37
  Fold 19 [2024-07]: slicing daily cache for formation 2023-07-01 .. 2024-06-30
  Fold 19 [2024-07]: daily formation: 520 tickers
  [v4-discovery] 520 formation tickers
  [v4-discovery] hard screens: 514 survivors
  [v4-discovery] fitting factor model (PCA on daily returns)...
  [v4-discovery] running pairwise Johansen on 514 tickers (131841 pairs)...
  [v4-discovery] pairwise tests done: 131841 candidates
WARNING FALLBACK CAP: kept top 500 by p-value
  Fold 19 [2024-07]: discovery: 113 pairs after beta>0 | cum_var=0.514
  Fold 19 [2024-07]: slicing daily cache for trading 2024-07-01 .. 2024-07-31
  Fold 19 [2024-07]: daily trading: 521 tickers
  Fold 19 [2024-07]: trading residual: 22 bars x 514 tickers
  Fold 19 [2024-07]: complete in 27.0s | n_trades=62, sharpe=-3.439, total_return=-0.0109, exits z/sl/open=15/7/44
  Fold 20 [2024-08]: slicing daily cache for formation 2023-08-01 .. 2024-07-31
  Fold 20 [2024-08]: daily formation: 521 tickers
  [v4-discovery] 521 formation tickers
  [v4-discovery] hard screens: 515 survivors
  [v4-discovery] fitting factor model (PCA on daily returns)...
  [v4-discovery] running pairwise Johansen on 515 tickers (132355 pairs)...
  [v4-discovery] pairwise tests done: 132355 candidates
WARNING FALLBACK CAP: kept top 500 by p-value
  Fold 20 [2024-08]: discovery: 98 pairs after beta>0 | cum_var=0.536
  Fold 20 [2024-08]: slicing daily cache for trading 2024-08-01 .. 2024-08-31
  Fold 20 [2024-08]: daily trading: 521 tickers
  Fold 20 [2024-08]: trading residual: 22 bars x 515 tickers
  Fold 20 [2024-08]: complete in 26.8s | n_trades=52, sharpe=-2.734, total_return=-0.0223, exits z/sl/open=8/4/43
  Fold 21 [2024-09]: slicing daily cache for formation 2023-09-01 .. 2024-08-31
  Fold 21 [2024-09]: daily formation: 521 tickers
  [v4-discovery] 521 formation tickers
  [v4-discovery] hard screens: 517 survivors
  [v4-discovery] fitting factor model (PCA on daily returns)...
  [v4-discovery] running pairwise Johansen on 517 tickers (133386 pairs)...
  [v4-discovery] pairwise tests done: 133386 candidates
WARNING FALLBACK CAP: kept top 500 by p-value
  Fold 21 [2024-09]: discovery: 137 pairs after beta>0 | cum_var=0.537
  Fold 21 [2024-09]: slicing daily cache for trading 2024-09-01 .. 2024-09-30
  Fold 21 [2024-09]: daily trading: 521 tickers
  Fold 21 [2024-09]: trading residual: 20 bars x 517 tickers
  Fold 21 [2024-09]: complete in 27.2s | n_trades=53, sharpe=-2.672, total_return=-0.0074, exits z/sl/open=7/1/45
  Fold 22 [2024-10]: slicing daily cache for formation 2023-10-01 .. 2024-09-30
  Fold 22 [2024-10]: daily formation: 521 tickers
  [v4-discovery] 521 formation tickers
  [v4-discovery] hard screens: 517 survivors
  [v4-discovery] fitting factor model (PCA on daily returns)...
  [v4-discovery] running pairwise Johansen on 517 tickers (133386 pairs)...
  [v4-discovery] pairwise tests done: 133386 candidates
WARNING FALLBACK CAP: kept top 500 by p-value
  Fold 22 [2024-10]: discovery: 116 pairs after beta>0 | cum_var=0.501
  Fold 22 [2024-10]: slicing daily cache for trading 2024-10-01 .. 2024-10-31
  Fold 22 [2024-10]: daily trading: 522 tickers
  Fold 22 [2024-10]: trading residual: 23 bars x 517 tickers
  Fold 22 [2024-10]: complete in 26.9s | n_trades=76, sharpe=-4.858, total_return=-0.0152, exits z/sl/open=16/5/55
  Fold 23 [2024-11]: slicing daily cache for formation 2023-11-01 .. 2024-10-31
  Fold 23 [2024-11]: daily formation: 522 tickers
  [v4-discovery] 522 formation tickers
  [v4-discovery] hard screens: 517 survivors
  [v4-discovery] fitting factor model (PCA on daily returns)...
  [v4-discovery] running pairwise Johansen on 517 tickers (133386 pairs)...
  [v4-discovery] pairwise tests done: 133386 candidates
WARNING FALLBACK CAP: kept top 500 by p-value
  Fold 23 [2024-11]: discovery: 85 pairs after beta>0 | cum_var=0.475
  Fold 23 [2024-11]: slicing daily cache for trading 2024-11-01 .. 2024-11-30
  Fold 23 [2024-11]: daily trading: 522 tickers
  Fold 23 [2024-11]: trading residual: 20 bars x 517 tickers
  Fold 23 [2024-11]: complete in 26.3s | n_trades=38, sharpe=-1.953, total_return=-0.0124, exits z/sl/open=8/1/31
  Fold 24 [2024-12]: slicing daily cache for formation 2023-12-01 .. 2024-11-30
  Fold 24 [2024-12]: daily formation: 522 tickers
  [v4-discovery] 522 formation tickers
  [v4-discovery] hard screens: 517 survivors
  [v4-discovery] fitting factor model (PCA on daily returns)...
  [v4-discovery] running pairwise Johansen on 517 tickers (133386 pairs)...
  [v4-discovery] pairwise tests done: 133386 candidates
WARNING FALLBACK CAP: kept top 500 by p-value
  Fold 24 [2024-12]: discovery: 67 pairs after beta>0 | cum_var=0.466
  Fold 24 [2024-12]: slicing daily cache for trading 2024-12-01 .. 2024-12-31
  Fold 24 [2024-12]: daily trading: 522 tickers
  Fold 24 [2024-12]: trading residual: 21 bars x 517 tickers
  Fold 24 [2024-12]: complete in 26.5s | n_trades=25, sharpe=-2.311, total_return=-0.0063, exits z/sl/open=2/0/23
  Fold 25 [2025-01]: slicing daily cache for formation 2024-01-01 .. 2024-12-31
  Fold 25 [2025-01]: daily formation: 522 tickers
  [v4-discovery] 522 formation tickers
  [v4-discovery] hard screens: 517 survivors
  [v4-discovery] fitting factor model (PCA on daily returns)...
  [v4-discovery] running pairwise Johansen on 517 tickers (133386 pairs)...
  [v4-discovery] pairwise tests done: 133386 candidates
WARNING FALLBACK CAP: kept top 500 by p-value
  Fold 25 [2025-01]: discovery: 99 pairs after beta>0 | cum_var=0.440
  Fold 25 [2025-01]: slicing daily cache for trading 2025-01-01 .. 2025-01-31
  Fold 25 [2025-01]: daily trading: 523 tickers
  Fold 25 [2025-01]: trading residual: 20 bars x 517 tickers
  Fold 25 [2025-01]: complete in 27.2s | n_trades=71, sharpe=-1.241, total_return=-0.0040, exits z/sl/open=12/1/59
  Fold 26 [2025-02]: slicing daily cache for formation 2024-02-01 .. 2025-01-31
  Fold 26 [2025-02]: daily formation: 523 tickers
  [v4-discovery] 523 formation tickers
  [v4-discovery] hard screens: 517 survivors
  [v4-discovery] fitting factor model (PCA on daily returns)...
  [v4-discovery] running pairwise Johansen on 517 tickers (133386 pairs)...
  [v4-discovery] pairwise tests done: 133386 candidates
WARNING FALLBACK CAP: kept top 500 by p-value
  Fold 26 [2025-02]: discovery: 164 pairs after beta>0 | cum_var=0.435
  Fold 26 [2025-02]: slicing daily cache for trading 2025-02-01 .. 2025-02-28
  Fold 26 [2025-02]: daily trading: 524 tickers
  Fold 26 [2025-02]: trading residual: 19 bars x 517 tickers
  Fold 26 [2025-02]: complete in 26.9s | n_trades=57, sharpe=+3.745, total_return=+2.0635, exits z/sl/open=17/5/36
  Fold 27 [2025-03]: slicing daily cache for formation 2024-03-01 .. 2025-02-28
  Fold 27 [2025-03]: daily formation: 524 tickers
  [v4-discovery] 524 formation tickers
  [v4-discovery] hard screens: 520 survivors
  [v4-discovery] fitting factor model (PCA on daily returns)...
  [v4-discovery] running pairwise Johansen on 520 tickers (134940 pairs)...
  [v4-discovery] pairwise tests done: 134940 candidates
WARNING FALLBACK CAP: kept top 500 by p-value
  Fold 27 [2025-03]: discovery: 133 pairs after beta>0 | cum_var=0.458
  Fold 27 [2025-03]: slicing daily cache for trading 2025-03-01 .. 2025-03-31
  Fold 27 [2025-03]: daily trading: 524 tickers
  Fold 27 [2025-03]: trading residual: 21 bars x 520 tickers
  Fold 27 [2025-03]: complete in 27.1s | n_trades=48, sharpe=+1.509, total_return=+0.0037, exits z/sl/open=8/0/40
  Fold 28 [2025-04]: slicing daily cache for formation 2024-04-01 .. 2025-03-31
  Fold 28 [2025-04]: daily formation: 524 tickers
  [v4-discovery] 524 formation tickers
  [v4-discovery] hard screens: 520 survivors
  [v4-discovery] fitting factor model (PCA on daily returns)...
  [v4-discovery] running pairwise Johansen on 520 tickers (134940 pairs)...
  [v4-discovery] pairwise tests done: 134940 candidates
WARNING FALLBACK CAP: kept top 500 by p-value
  Fold 28 [2025-04]: discovery: 104 pairs after beta>0 | cum_var=0.455
  Fold 28 [2025-04]: slicing daily cache for trading 2025-04-01 .. 2025-04-30
  Fold 28 [2025-04]: daily trading: 524 tickers
  Fold 28 [2025-04]: trading residual: 21 bars x 520 tickers
  Fold 28 [2025-04]: complete in 27.6s | n_trades=47, sharpe=+3.998, total_return=+0.0186, exits z/sl/open=17/0/31
  Fold 29 [2025-05]: slicing daily cache for formation 2024-05-01 .. 2025-04-30
  Fold 29 [2025-05]: daily formation: 524 tickers
  [v4-discovery] 524 formation tickers
  [v4-discovery] hard screens: 520 survivors
  [v4-discovery] fitting factor model (PCA on daily returns)...
  [v4-discovery] running pairwise Johansen on 520 tickers (134940 pairs)...
  [v4-discovery] pairwise tests done: 134940 candidates
WARNING FALLBACK CAP: kept top 500 by p-value
  Fold 29 [2025-05]: discovery: 130 pairs after beta>0 | cum_var=0.502
  Fold 29 [2025-05]: slicing daily cache for trading 2025-05-01 .. 2025-05-31
  Fold 29 [2025-05]: daily trading: 524 tickers
  Fold 29 [2025-05]: trading residual: 21 bars x 520 tickers
  Fold 29 [2025-05]: complete in 26.8s | n_trades=27, sharpe=+2.256, total_return=+0.0044, exits z/sl/open=5/0/22
  Fold 30 [2025-06]: slicing daily cache for formation 2024-06-01 .. 2025-05-31
  Fold 30 [2025-06]: daily formation: 524 tickers
  [v4-discovery] 524 formation tickers
  [v4-discovery] hard screens: 521 survivors
  [v4-discovery] fitting factor model (PCA on daily returns)...
  [v4-discovery] running pairwise Johansen on 521 tickers (135460 pairs)...
  [v4-discovery] pairwise tests done: 135460 candidates
WARNING FALLBACK CAP: kept top 500 by p-value
  Fold 30 [2025-06]: discovery: 186 pairs after beta>0 | cum_var=0.501
  Fold 30 [2025-06]: slicing daily cache for trading 2025-06-01 .. 2025-06-30
  Fold 30 [2025-06]: daily trading: 524 tickers
  Fold 30 [2025-06]: trading residual: 20 bars x 521 tickers
  Fold 30 [2025-06]: complete in 26.7s | n_trades=35, sharpe=-0.659, total_return=-0.0010, exits z/sl/open=5/2/28
  Fold 31 [2025-07]: slicing daily cache for formation 2024-07-01 .. 2025-06-30
  Fold 31 [2025-07]: daily formation: 524 tickers
  [v4-discovery] 524 formation tickers
  [v4-discovery] hard screens: 521 survivors
  [v4-discovery] fitting factor model (PCA on daily returns)...
  [v4-discovery] running pairwise Johansen on 521 tickers (135460 pairs)...
  [v4-discovery] pairwise tests done: 135460 candidates
WARNING FALLBACK CAP: kept top 500 by p-value
  Fold 31 [2025-07]: discovery: 169 pairs after beta>0 | cum_var=0.483
  Fold 31 [2025-07]: slicing daily cache for trading 2025-07-01 .. 2025-07-31
  Fold 31 [2025-07]: daily trading: 524 tickers
  Fold 31 [2025-07]: trading residual: 22 bars x 521 tickers
  Fold 31 [2025-07]: complete in 26.9s | n_trades=54, sharpe=+2.525, total_return=+0.0483, exits z/sl/open=12/5/41
  Fold 32 [2025-08]: slicing daily cache for formation 2024-08-01 .. 2025-07-31
  Fold 32 [2025-08]: daily formation: 524 tickers
  [v4-discovery] 524 formation tickers
  [v4-discovery] hard screens: 521 survivors
  [v4-discovery] fitting factor model (PCA on daily returns)...
  [v4-discovery] running pairwise Johansen on 521 tickers (135460 pairs)...
  [v4-discovery] pairwise tests done: 135460 candidates
WARNING FALLBACK CAP: kept top 500 by p-value
  Fold 32 [2025-08]: discovery: 140 pairs after beta>0 | cum_var=0.489
  Fold 32 [2025-08]: slicing daily cache for trading 2025-08-01 .. 2025-08-31
  Fold 32 [2025-08]: daily trading: 525 tickers
  Fold 32 [2025-08]: trading residual: 21 bars x 521 tickers
  Fold 32 [2025-08]: complete in 26.9s | n_trades=57, sharpe=-10.815, total_return=-0.1649, exits z/sl/open=11/6/46
  Fold 33 [2025-09]: slicing daily cache for formation 2024-09-01 .. 2025-08-31
  Fold 33 [2025-09]: daily formation: 525 tickers
  [v4-discovery] 525 formation tickers
  [v4-discovery] hard screens: 522 survivors
  [v4-discovery] fitting factor model (PCA on daily returns)...
  [v4-discovery] running pairwise Johansen on 522 tickers (135981 pairs)...
  [v4-discovery] pairwise tests done: 135981 candidates
WARNING FALLBACK CAP: kept top 500 by p-value
  Fold 33 [2025-09]: discovery: 97 pairs after beta>0 | cum_var=0.503
  Fold 33 [2025-09]: slicing daily cache for trading 2025-09-01 .. 2025-09-30
  Fold 33 [2025-09]: daily trading: 525 tickers
  Fold 33 [2025-09]: trading residual: 21 bars x 522 tickers
  Fold 33 [2025-09]: complete in 27.1s | n_trades=31, sharpe=-5.622, total_return=-0.0086, exits z/sl/open=3/3/25
  Fold 34 [2025-10]: slicing daily cache for formation 2024-10-01 .. 2025-09-30
  Fold 34 [2025-10]: daily formation: 525 tickers
  [v4-discovery] 525 formation tickers
  [v4-discovery] hard screens: 522 survivors
  [v4-discovery] fitting factor model (PCA on daily returns)...
  [v4-discovery] running pairwise Johansen on 522 tickers (135981 pairs)...
  [v4-discovery] pairwise tests done: 135981 candidates
WARNING FALLBACK CAP: kept top 500 by p-value
  Fold 34 [2025-10]: discovery: 111 pairs after beta>0 | cum_var=0.488
  Fold 34 [2025-10]: slicing daily cache for trading 2025-10-01 .. 2025-10-31
  Fold 34 [2025-10]: daily trading: 525 tickers
  Fold 34 [2025-10]: trading residual: 23 bars x 522 tickers
  Fold 34 [2025-10]: complete in 27.1s | n_trades=46, sharpe=-0.131, total_return=-0.0009, exits z/sl/open=3/2/42
  Fold 35 [2025-11]: slicing daily cache for formation 2024-11-01 .. 2025-10-31
  Fold 35 [2025-11]: daily formation: 525 tickers
  [v4-discovery] 525 formation tickers
  [v4-discovery] hard screens: 522 survivors
  [v4-discovery] fitting factor model (PCA on daily returns)...
  [v4-discovery] running pairwise Johansen on 522 tickers (135981 pairs)...
  [v4-discovery] pairwise tests done: 135981 candidates
WARNING FALLBACK CAP: kept top 500 by p-value
  Fold 35 [2025-11]: discovery: 96 pairs after beta>0 | cum_var=0.483
  Fold 35 [2025-11]: slicing daily cache for trading 2025-11-01 .. 2025-11-30
  Fold 35 [2025-11]: daily trading: 527 tickers
  Fold 35 [2025-11]: trading residual: 19 bars x 522 tickers
  Fold 35 [2025-11]: complete in 27.2s | n_trades=41, sharpe=+4.480, total_return=+0.2449, exits z/sl/open=11/0/32
  Fold 36 [2025-12]: slicing daily cache for formation 2024-12-01 .. 2025-11-30
  Fold 36 [2025-12]: daily formation: 527 tickers
  [v4-discovery] 527 formation tickers
  [v4-discovery] hard screens: 522 survivors
  [v4-discovery] fitting factor model (PCA on daily returns)...
  [v4-discovery] running pairwise Johansen on 522 tickers (135981 pairs)...
  [v4-discovery] pairwise tests done: 135981 candidates
WARNING FALLBACK CAP: kept top 500 by p-value
  Fold 36 [2025-12]: discovery: 1 pairs after beta>0 | cum_var=0.496
  Fold 36 [2025-12]: slicing daily cache for trading 2025-12-01 .. 2025-12-31
  Fold 36 [2025-12]: daily trading: 527 tickers
  Fold 36 [2025-12]: trading residual: 22 bars x 522 tickers
  Fold 36 [2025-12]: complete in 26.3s | n_trades=0, sharpe=+0.000, total_return=+0.0000, exits z/sl/open=0/0/0
  Fold 37 [2026-01]: slicing daily cache for formation 2025-01-01 .. 2025-12-31
  Fold 37 [2026-01]: daily formation: 527 tickers
  [v4-discovery] 527 formation tickers
  [v4-discovery] hard screens: 523 survivors
  [v4-discovery] fitting factor model (PCA on daily returns)...
  [v4-discovery] running pairwise Johansen on 523 tickers (136503 pairs)...
  [v4-discovery] pairwise tests done: 136503 candidates
WARNING FALLBACK CAP: kept top 500 by p-value
  Fold 37 [2026-01]: discovery: 189 pairs after beta>0 | cum_var=0.496
  Fold 37 [2026-01]: slicing daily cache for trading 2026-01-01 .. 2026-01-31
  Fold 37 [2026-01]: daily trading: 528 tickers
  Fold 37 [2026-01]: trading residual: 20 bars x 523 tickers
  Fold 37 [2026-01]: complete in 27.3s | n_trades=77, sharpe=+3.253, total_return=+0.0902, exits z/sl/open=16/9/54
  Fold 38 [2026-02]: slicing daily cache for formation 2025-02-01 .. 2026-01-31
  Fold 38 [2026-02]: daily formation: 528 tickers
  [v4-discovery] 528 formation tickers
  [v4-discovery] hard screens: 524 survivors
  [v4-discovery] fitting factor model (PCA on daily returns)...
  [v4-discovery] running pairwise Johansen on 524 tickers (137026 pairs)...
  [v4-discovery] pairwise tests done: 137026 candidates
WARNING FALLBACK CAP: kept top 500 by p-value
  Fold 38 [2026-02]: discovery: 139 pairs after beta>0 | cum_var=0.482
  Fold 38 [2026-02]: slicing daily cache for trading 2026-02-01 .. 2026-02-28
  Fold 38 [2026-02]: daily trading: 528 tickers
  Fold 38 [2026-02]: trading residual: 19 bars x 524 tickers
  Fold 38 [2026-02]: complete in 27.9s | n_trades=70, sharpe=-3.771, total_return=-0.0197, exits z/sl/open=12/9/50
  Fold 39 [2026-03]: slicing daily cache for formation 2025-03-01 .. 2026-02-28
  Fold 39 [2026-03]: daily formation: 528 tickers
  [v4-discovery] 528 formation tickers
  [v4-discovery] hard screens: 524 survivors
  [v4-discovery] fitting factor model (PCA on daily returns)...
  [v4-discovery] running pairwise Johansen on 524 tickers (137026 pairs)...
  [v4-discovery] pairwise tests done: 137026 candidates
WARNING FALLBACK CAP: kept top 500 by p-value
  Fold 39 [2026-03]: discovery: 96 pairs after beta>0 | cum_var=0.462
  Fold 39 [2026-03]: slicing daily cache for trading 2026-03-01 .. 2026-03-31
  Fold 39 [2026-03]: daily trading: 528 tickers
  Fold 39 [2026-03]: trading residual: 14 bars x 524 tickers
  Fold 39 [2026-03]: complete in 27.4s | n_trades=32, sharpe=-0.642, total_return=-0.0021, exits z/sl/open=4/0/28

Combo ez2.0_hl15 done in 1037s
  mean Sharpe (all 39)=-0.690, median=-0.651, winners=15/38
  train (1-30): mean Sharpe=-0.517, OOS (31-39): mean Sharpe=-1.341

============================================================
[6/9] Combo: entry_z=2.0, hl_max=30.0 -> ez2.0_hl30
============================================================
  Fold 01 [2023-01]: slicing daily cache for formation 2022-01-01 .. 2022-12-31
  Fold 01 [2023-01]: daily formation: 511 tickers
  [v4-discovery] 511 formation tickers
  [v4-discovery] hard screens: 506 survivors
  [v4-discovery] fitting factor model (PCA on daily returns)...
  [v4-discovery] running pairwise Johansen on 506 tickers (127765 pairs)...
  [v4-discovery] pairwise tests done: 127765 candidates
WARNING FALLBACK CAP: kept top 500 by p-value
  Fold 01 [2023-01]: discovery: 189 pairs after beta>0 | cum_var=0.623
  Fold 01 [2023-01]: slicing daily cache for trading 2023-01-01 .. 2023-01-31
  Fold 01 [2023-01]: daily trading: 512 tickers
  Fold 01 [2023-01]: trading residual: 20 bars x 506 tickers
  Fold 01 [2023-01]: complete in 25.8s | n_trades=54, sharpe=+1.325, total_return=+0.0049, exits z/sl/open=7/1/47
  Fold 02 [2023-02]: slicing daily cache for formation 2022-02-01 .. 2023-01-31
  Fold 02 [2023-02]: daily formation: 512 tickers
  [v4-discovery] 512 formation tickers
  [v4-discovery] hard screens: 506 survivors
  [v4-discovery] fitting factor model (PCA on daily returns)...
  [v4-discovery] running pairwise Johansen on 506 tickers (127765 pairs)...
  [v4-discovery] pairwise tests done: 127765 candidates
WARNING FALLBACK CAP: kept top 500 by p-value
  Fold 02 [2023-02]: discovery: 190 pairs after beta>0 | cum_var=0.614
  Fold 02 [2023-02]: slicing daily cache for trading 2023-02-01 .. 2023-02-28
  Fold 02 [2023-02]: daily trading: 512 tickers
  Fold 02 [2023-02]: trading residual: 19 bars x 506 tickers
  Fold 02 [2023-02]: complete in 25.7s | n_trades=73, sharpe=+2.363, total_return=+0.0110, exits z/sl/open=15/4/56
  Fold 03 [2023-03]: slicing daily cache for formation 2022-03-01 .. 2023-02-28
  Fold 03 [2023-03]: daily formation: 512 tickers
  [v4-discovery] 512 formation tickers
  [v4-discovery] hard screens: 506 survivors
  [v4-discovery] fitting factor model (PCA on daily returns)...
  [v4-discovery] running pairwise Johansen on 506 tickers (127765 pairs)...
  [v4-discovery] pairwise tests done: 127765 candidates
WARNING FALLBACK CAP: kept top 500 by p-value
  Fold 03 [2023-03]: discovery: 212 pairs after beta>0 | cum_var=0.615
  Fold 03 [2023-03]: slicing daily cache for trading 2023-03-01 .. 2023-03-31
  Fold 03 [2023-03]: daily trading: 512 tickers
  Fold 03 [2023-03]: trading residual: 23 bars x 506 tickers
  Fold 03 [2023-03]: complete in 25.8s | n_trades=118, sharpe=-4.422, total_return=-0.0457, exits z/sl/open=10/16/92
  Fold 04 [2023-04]: slicing daily cache for formation 2022-04-01 .. 2023-03-31
  Fold 04 [2023-04]: daily formation: 512 tickers
  [v4-discovery] 512 formation tickers
  [v4-discovery] hard screens: 507 survivors
  [v4-discovery] fitting factor model (PCA on daily returns)...
  [v4-discovery] running pairwise Johansen on 507 tickers (128271 pairs)...
  [v4-discovery] pairwise tests done: 128271 candidates
WARNING FALLBACK CAP: kept top 500 by p-value
  Fold 04 [2023-04]: discovery: 159 pairs after beta>0 | cum_var=0.616
  Fold 04 [2023-04]: slicing daily cache for trading 2023-04-01 .. 2023-04-30
  Fold 04 [2023-04]: daily trading: 512 tickers
  Fold 04 [2023-04]: trading residual: 19 bars x 507 tickers
  Fold 04 [2023-04]: complete in 25.9s | n_trades=36, sharpe=+3.519, total_return=+0.0066, exits z/sl/open=11/0/29
  Fold 05 [2023-05]: slicing daily cache for formation 2022-05-01 .. 2023-04-30
  Fold 05 [2023-05]: daily formation: 512 tickers
  [v4-discovery] 512 formation tickers
  [v4-discovery] hard screens: 508 survivors
  [v4-discovery] fitting factor model (PCA on daily returns)...
  [v4-discovery] running pairwise Johansen on 508 tickers (128778 pairs)...
  [v4-discovery] pairwise tests done: 128778 candidates
WARNING FALLBACK CAP: kept top 500 by p-value
  Fold 05 [2023-05]: discovery: 160 pairs after beta>0 | cum_var=0.612
  Fold 05 [2023-05]: slicing daily cache for trading 2023-05-01 .. 2023-05-31
  Fold 05 [2023-05]: daily trading: 514 tickers
  Fold 05 [2023-05]: trading residual: 22 bars x 508 tickers
  Fold 05 [2023-05]: complete in 25.8s | n_trades=16, sharpe=-1.250, total_return=-0.0073, exits z/sl/open=3/0/13
  Fold 06 [2023-06]: slicing daily cache for formation 2022-06-01 .. 2023-05-31
  Fold 06 [2023-06]: daily formation: 514 tickers
  [v4-discovery] 514 formation tickers
  [v4-discovery] hard screens: 510 survivors
  [v4-discovery] fitting factor model (PCA on daily returns)...
  [v4-discovery] running pairwise Johansen on 510 tickers (129795 pairs)...
  [v4-discovery] pairwise tests done: 129795 candidates
WARNING FALLBACK CAP: kept top 500 by p-value
  Fold 06 [2023-06]: discovery: 193 pairs after beta>0 | cum_var=0.596
  Fold 06 [2023-06]: slicing daily cache for trading 2023-06-01 .. 2023-06-30
  Fold 06 [2023-06]: daily trading: 514 tickers
  Fold 06 [2023-06]: trading residual: 21 bars x 510 tickers
  Fold 06 [2023-06]: complete in 26.2s | n_trades=68, sharpe=+1.445, total_return=+0.0058, exits z/sl/open=13/1/55
  Fold 07 [2023-07]: slicing daily cache for formation 2022-07-01 .. 2023-06-30
  Fold 07 [2023-07]: daily formation: 514 tickers
  [v4-discovery] 514 formation tickers
  [v4-discovery] hard screens: 510 survivors
  [v4-discovery] fitting factor model (PCA on daily returns)...
  [v4-discovery] running pairwise Johansen on 510 tickers (129795 pairs)...
  [v4-discovery] pairwise tests done: 129795 candidates
WARNING FALLBACK CAP: kept top 500 by p-value
  Fold 07 [2023-07]: discovery: 192 pairs after beta>0 | cum_var=0.595
  Fold 07 [2023-07]: slicing daily cache for trading 2023-07-01 .. 2023-07-31
  Fold 07 [2023-07]: daily trading: 514 tickers
  Fold 07 [2023-07]: trading residual: 20 bars x 509 tickers
  Fold 07 [2023-07]: complete in 27.1s | n_trades=58, sharpe=+2.798, total_return=+0.1335, exits z/sl/open=9/2/47
  Fold 08 [2023-08]: slicing daily cache for formation 2022-08-01 .. 2023-07-31
  Fold 08 [2023-08]: daily formation: 515 tickers
  [v4-discovery] 515 formation tickers
  [v4-discovery] hard screens: 509 survivors
  [v4-discovery] fitting factor model (PCA on daily returns)...
  [v4-discovery] running pairwise Johansen on 509 tickers (129286 pairs)...
  [v4-discovery] pairwise tests done: 129286 candidates
WARNING FALLBACK CAP: kept top 500 by p-value
  Fold 08 [2023-08]: discovery: 91 pairs after beta>0 | cum_var=0.491
  Fold 08 [2023-08]: slicing daily cache for trading 2023-08-01 .. 2023-08-31
  Fold 08 [2023-08]: daily trading: 515 tickers
  Fold 08 [2023-08]: trading residual: 23 bars x 509 tickers
  Fold 08 [2023-08]: complete in 26.2s | n_trades=5, sharpe=-4.712, total_return=-0.0671, exits z/sl/open=1/0/4
  Fold 09 [2023-09]: slicing daily cache for formation 2022-09-01 .. 2023-08-31
  Fold 09 [2023-09]: daily formation: 516 tickers
  [v4-discovery] 516 formation tickers
  [v4-discovery] hard screens: 509 survivors
  [v4-discovery] fitting factor model (PCA on daily returns)...
  [v4-discovery] running pairwise Johansen on 509 tickers (129286 pairs)...
  [v4-discovery] pairwise tests done: 129286 candidates
WARNING FALLBACK CAP: kept top 500 by p-value
  Fold 09 [2023-09]: discovery: 244 pairs after beta>0 | cum_var=0.489
  Fold 09 [2023-09]: slicing daily cache for trading 2023-09-01 .. 2023-09-30
  Fold 09 [2023-09]: daily trading: 516 tickers
  Fold 09 [2023-09]: trading residual: 20 bars x 509 tickers
  Fold 09 [2023-09]: complete in 26.0s | n_trades=27, sharpe=-2.549, total_return=-0.1589, exits z/sl/open=3/0/24
  Fold 10 [2023-10]: slicing daily cache for formation 2022-10-01 .. 2023-09-30
  Fold 10 [2023-10]: daily formation: 517 tickers
  [v4-discovery] 517 formation tickers
  [v4-discovery] hard screens: 509 survivors
  [v4-discovery] fitting factor model (PCA on daily returns)...
  [v4-discovery] running pairwise Johansen on 509 tickers (129286 pairs)...
  [v4-discovery] pairwise tests done: 129286 candidates
WARNING FALLBACK CAP: kept top 500 by p-value
  Fold 10 [2023-10]: discovery: 211 pairs after beta>0 | cum_var=0.480
  Fold 10 [2023-10]: slicing daily cache for trading 2023-10-01 .. 2023-10-31
  Fold 10 [2023-10]: daily trading: 517 tickers
  Fold 10 [2023-10]: trading residual: 22 bars x 509 tickers
  Fold 10 [2023-10]: complete in 26.0s | n_trades=49, sharpe=+3.277, total_return=+0.2874, exits z/sl/open=20/1/30
  Fold 11 [2023-11]: slicing daily cache for formation 2022-11-01 .. 2023-10-31
  Fold 11 [2023-11]: daily formation: 518 tickers
  [v4-discovery] 518 formation tickers
  [v4-discovery] hard screens: 510 survivors
  [v4-discovery] fitting factor model (PCA on daily returns)...
  [v4-discovery] running pairwise Johansen on 510 tickers (129795 pairs)...
  [v4-discovery] pairwise tests done: 129795 candidates
WARNING FALLBACK CAP: kept top 500 by p-value
  Fold 11 [2023-11]: discovery: 205 pairs after beta>0 | cum_var=0.468
  Fold 11 [2023-11]: slicing daily cache for trading 2023-11-01 .. 2023-11-30
  Fold 11 [2023-11]: daily trading: 517 tickers
  Fold 11 [2023-11]: trading residual: 21 bars x 510 tickers
  Fold 11 [2023-11]: complete in 26.3s | n_trades=65, sharpe=+0.330, total_return=+0.0021, exits z/sl/open=9/2/55
  Fold 12 [2023-12]: slicing daily cache for formation 2022-12-01 .. 2023-11-30
  Fold 12 [2023-12]: daily formation: 518 tickers
  [v4-discovery] 518 formation tickers
  [v4-discovery] hard screens: 511 survivors
  [v4-discovery] fitting factor model (PCA on daily returns)...
  [v4-discovery] running pairwise Johansen on 511 tickers (130305 pairs)...
  [v4-discovery] pairwise tests done: 130305 candidates
WARNING FALLBACK CAP: kept top 500 by p-value
  Fold 12 [2023-12]: discovery: 198 pairs after beta>0 | cum_var=0.422
  Fold 12 [2023-12]: slicing daily cache for trading 2023-12-01 .. 2023-12-31
  Fold 12 [2023-12]: daily trading: 517 tickers
  Fold 12 [2023-12]: trading residual: 20 bars x 511 tickers
  Fold 12 [2023-12]: complete in 26.4s | n_trades=64, sharpe=-5.532, total_return=-0.0127, exits z/sl/open=10/3/51
  Fold 13 [2024-01]: slicing daily cache for formation 2023-01-01 .. 2023-12-31
  Fold 13 [2024-01]: daily formation: 518 tickers
  [v4-discovery] 518 formation tickers
  [v4-discovery] hard screens: 511 survivors
  [v4-discovery] fitting factor model (PCA on daily returns)...
  [v4-discovery] running pairwise Johansen on 511 tickers (130305 pairs)...
  [v4-discovery] pairwise tests done: 130305 candidates
WARNING FALLBACK CAP: kept top 500 by p-value
  Fold 13 [2024-01]: discovery: 203 pairs after beta>0 | cum_var=0.423
  Fold 13 [2024-01]: slicing daily cache for trading 2024-01-01 .. 2024-01-31
  Fold 13 [2024-01]: daily trading: 517 tickers
  Fold 13 [2024-01]: trading residual: 21 bars x 511 tickers
  Fold 13 [2024-01]: complete in 26.8s | n_trades=86, sharpe=-3.749, total_return=-0.0272, exits z/sl/open=16/10/61
  Fold 14 [2024-02]: slicing daily cache for formation 2023-02-01 .. 2024-01-31
  Fold 14 [2024-02]: daily formation: 518 tickers
  [v4-discovery] 518 formation tickers
  [v4-discovery] hard screens: 511 survivors
  [v4-discovery] fitting factor model (PCA on daily returns)...
  [v4-discovery] running pairwise Johansen on 511 tickers (130305 pairs)...
  [v4-discovery] pairwise tests done: 130305 candidates
WARNING FALLBACK CAP: kept top 500 by p-value
  Fold 14 [2024-02]: discovery: 222 pairs after beta>0 | cum_var=0.411
  Fold 14 [2024-02]: slicing daily cache for trading 2024-02-01 .. 2024-02-29
  Fold 14 [2024-02]: daily trading: 517 tickers
  Fold 14 [2024-02]: trading residual: 20 bars x 511 tickers
  Fold 14 [2024-02]: complete in 26.2s | n_trades=63, sharpe=+0.072, total_return=+0.0004, exits z/sl/open=19/5/40
  Fold 15 [2024-03]: slicing daily cache for formation 2023-03-01 .. 2024-02-29
  Fold 15 [2024-03]: daily formation: 518 tickers
  [v4-discovery] 518 formation tickers
  [v4-discovery] hard screens: 511 survivors
  [v4-discovery] fitting factor model (PCA on daily returns)...
  [v4-discovery] running pairwise Johansen on 511 tickers (130305 pairs)...
  [v4-discovery] pairwise tests done: 130305 candidates
WARNING FALLBACK CAP: kept top 500 by p-value
  Fold 15 [2024-03]: discovery: 194 pairs after beta>0 | cum_var=0.399
  Fold 15 [2024-03]: slicing daily cache for trading 2024-03-01 .. 2024-03-31
  Fold 15 [2024-03]: daily trading: 518 tickers
  Fold 15 [2024-03]: trading residual: 19 bars x 511 tickers
  Fold 15 [2024-03]: complete in 26.4s | n_trades=59, sharpe=+5.206, total_return=+0.0912, exits z/sl/open=5/1/53
  Fold 16 [2024-04]: slicing daily cache for formation 2023-04-01 .. 2024-03-31
  Fold 16 [2024-04]: daily formation: 519 tickers
  [v4-discovery] 519 formation tickers
  [v4-discovery] hard screens: 512 survivors
  [v4-discovery] fitting factor model (PCA on daily returns)...
  [v4-discovery] running pairwise Johansen on 512 tickers (130816 pairs)...
  [v4-discovery] pairwise tests done: 130816 candidates
WARNING FALLBACK CAP: kept top 500 by p-value
  Fold 16 [2024-04]: discovery: 172 pairs after beta>0 | cum_var=0.372
  Fold 16 [2024-04]: slicing daily cache for trading 2024-04-01 .. 2024-04-30
  Fold 16 [2024-04]: daily trading: 520 tickers
  Fold 16 [2024-04]: trading residual: 22 bars x 512 tickers
  Fold 16 [2024-04]: complete in 26.3s | n_trades=64, sharpe=-3.907, total_return=-0.0277, exits z/sl/open=9/3/52
  Fold 17 [2024-05]: slicing daily cache for formation 2023-05-01 .. 2024-04-30
  Fold 17 [2024-05]: daily formation: 521 tickers
  [v4-discovery] 521 formation tickers
  [v4-discovery] hard screens: 513 survivors
  [v4-discovery] fitting factor model (PCA on daily returns)...
  [v4-discovery] running pairwise Johansen on 513 tickers (131328 pairs)...
  [v4-discovery] pairwise tests done: 131328 candidates
WARNING FALLBACK CAP: kept top 500 by p-value
  Fold 17 [2024-05]: discovery: 162 pairs after beta>0 | cum_var=0.366
  Fold 17 [2024-05]: slicing daily cache for trading 2024-05-01 .. 2024-05-31
  Fold 17 [2024-05]: daily trading: 520 tickers
  Fold 17 [2024-05]: trading residual: 22 bars x 513 tickers
  Fold 17 [2024-05]: complete in 26.6s | n_trades=85, sharpe=-1.210, total_return=-0.0095, exits z/sl/open=10/4/71
  Fold 18 [2024-06]: slicing daily cache for formation 2023-06-01 .. 2024-05-31
  Fold 18 [2024-06]: daily formation: 521 tickers
  [v4-discovery] 521 formation tickers
  [v4-discovery] hard screens: 514 survivors
  [v4-discovery] fitting factor model (PCA on daily returns)...
  [v4-discovery] running pairwise Johansen on 514 tickers (131841 pairs)...
  [v4-discovery] pairwise tests done: 131841 candidates
WARNING FALLBACK CAP: kept top 500 by p-value
  Fold 18 [2024-06]: discovery: 209 pairs after beta>0 | cum_var=0.356
  Fold 18 [2024-06]: slicing daily cache for trading 2024-06-01 .. 2024-06-30
  Fold 18 [2024-06]: daily trading: 520 tickers
  Fold 18 [2024-06]: trading residual: 19 bars x 514 tickers
  Fold 18 [2024-06]: complete in 27.1s | n_trades=64, sharpe=-6.525, total_return=-0.0441, exits z/sl/open=10/3/52
  Fold 19 [2024-07]: slicing daily cache for formation 2023-07-01 .. 2024-06-30
  Fold 19 [2024-07]: daily formation: 520 tickers
  [v4-discovery] 520 formation tickers
  [v4-discovery] hard screens: 514 survivors
  [v4-discovery] fitting factor model (PCA on daily returns)...
  [v4-discovery] running pairwise Johansen on 514 tickers (131841 pairs)...
  [v4-discovery] pairwise tests done: 131841 candidates
WARNING FALLBACK CAP: kept top 500 by p-value
  Fold 19 [2024-07]: discovery: 201 pairs after beta>0 | cum_var=0.514
  Fold 19 [2024-07]: slicing daily cache for trading 2024-07-01 .. 2024-07-31
  Fold 19 [2024-07]: daily trading: 521 tickers
  Fold 19 [2024-07]: trading residual: 22 bars x 514 tickers
  Fold 19 [2024-07]: complete in 26.3s | n_trades=88, sharpe=-3.305, total_return=-0.0174, exits z/sl/open=19/8/67
  Fold 20 [2024-08]: slicing daily cache for formation 2023-08-01 .. 2024-07-31
  Fold 20 [2024-08]: daily formation: 521 tickers
  [v4-discovery] 521 formation tickers
  [v4-discovery] hard screens: 515 survivors
  [v4-discovery] fitting factor model (PCA on daily returns)...
  [v4-discovery] running pairwise Johansen on 515 tickers (132355 pairs)...
  [v4-discovery] pairwise tests done: 132355 candidates
WARNING FALLBACK CAP: kept top 500 by p-value
  Fold 20 [2024-08]: discovery: 177 pairs after beta>0 | cum_var=0.536
  Fold 20 [2024-08]: slicing daily cache for trading 2024-08-01 .. 2024-08-31
  Fold 20 [2024-08]: daily trading: 521 tickers
  Fold 20 [2024-08]: trading residual: 22 bars x 515 tickers
  Fold 20 [2024-08]: complete in 26.5s | n_trades=91, sharpe=+3.398, total_return=+0.0312, exits z/sl/open=13/6/75
  Fold 21 [2024-09]: slicing daily cache for formation 2023-09-01 .. 2024-08-31
  Fold 21 [2024-09]: daily formation: 521 tickers
  [v4-discovery] 521 formation tickers
  [v4-discovery] hard screens: 517 survivors
  [v4-discovery] fitting factor model (PCA on daily returns)...
  [v4-discovery] running pairwise Johansen on 517 tickers (133386 pairs)...
  [v4-discovery] pairwise tests done: 133386 candidates
WARNING FALLBACK CAP: kept top 500 by p-value
  Fold 21 [2024-09]: discovery: 211 pairs after beta>0 | cum_var=0.537
  Fold 21 [2024-09]: slicing daily cache for trading 2024-09-01 .. 2024-09-30
  Fold 21 [2024-09]: daily trading: 521 tickers
  Fold 21 [2024-09]: trading residual: 20 bars x 517 tickers
  Fold 21 [2024-09]: complete in 26.8s | n_trades=81, sharpe=-1.840, total_return=-0.0936, exits z/sl/open=13/3/68
  Fold 22 [2024-10]: slicing daily cache for formation 2023-10-01 .. 2024-09-30
  Fold 22 [2024-10]: daily formation: 521 tickers
  [v4-discovery] 521 formation tickers
  [v4-discovery] hard screens: 517 survivors
  [v4-discovery] fitting factor model (PCA on daily returns)...
  [v4-discovery] running pairwise Johansen on 517 tickers (133386 pairs)...
  [v4-discovery] pairwise tests done: 133386 candidates
WARNING FALLBACK CAP: kept top 500 by p-value
  Fold 22 [2024-10]: discovery: 212 pairs after beta>0 | cum_var=0.501
  Fold 22 [2024-10]: slicing daily cache for trading 2024-10-01 .. 2024-10-31
  Fold 22 [2024-10]: daily trading: 522 tickers
  Fold 22 [2024-10]: trading residual: 23 bars x 517 tickers
  Fold 22 [2024-10]: complete in 26.8s | n_trades=112, sharpe=-5.034, total_return=-0.0225, exits z/sl/open=19/6/88
  Fold 23 [2024-11]: slicing daily cache for formation 2023-11-01 .. 2024-10-31
  Fold 23 [2024-11]: daily formation: 522 tickers
  [v4-discovery] 522 formation tickers
  [v4-discovery] hard screens: 517 survivors
  [v4-discovery] fitting factor model (PCA on daily returns)...
  [v4-discovery] running pairwise Johansen on 517 tickers (133386 pairs)...
  [v4-discovery] pairwise tests done: 133386 candidates
WARNING FALLBACK CAP: kept top 500 by p-value
  Fold 23 [2024-11]: discovery: 150 pairs after beta>0 | cum_var=0.475
  Fold 23 [2024-11]: slicing daily cache for trading 2024-11-01 .. 2024-11-30
  Fold 23 [2024-11]: daily trading: 522 tickers
  Fold 23 [2024-11]: trading residual: 20 bars x 517 tickers
  Fold 23 [2024-11]: complete in 28.0s | n_trades=53, sharpe=-2.055, total_return=-0.0143, exits z/sl/open=9/3/42
  Fold 24 [2024-12]: slicing daily cache for formation 2023-12-01 .. 2024-11-30
  Fold 24 [2024-12]: daily formation: 522 tickers
  [v4-discovery] 522 formation tickers
  [v4-discovery] hard screens: 517 survivors
  [v4-discovery] fitting factor model (PCA on daily returns)...
  [v4-discovery] running pairwise Johansen on 517 tickers (133386 pairs)...
  [v4-discovery] pairwise tests done: 133386 candidates
WARNING FALLBACK CAP: kept top 500 by p-value
  Fold 24 [2024-12]: discovery: 126 pairs after beta>0 | cum_var=0.466
  Fold 24 [2024-12]: slicing daily cache for trading 2024-12-01 .. 2024-12-31
  Fold 24 [2024-12]: daily trading: 522 tickers
  Fold 24 [2024-12]: trading residual: 21 bars x 517 tickers
  Fold 24 [2024-12]: complete in 27.0s | n_trades=54, sharpe=-0.041, total_return=-0.0002, exits z/sl/open=4/2/48
  Fold 25 [2025-01]: slicing daily cache for formation 2024-01-01 .. 2024-12-31
  Fold 25 [2025-01]: daily formation: 522 tickers
  [v4-discovery] 522 formation tickers
  [v4-discovery] hard screens: 517 survivors
  [v4-discovery] fitting factor model (PCA on daily returns)...
  [v4-discovery] running pairwise Johansen on 517 tickers (133386 pairs)...
  [v4-discovery] pairwise tests done: 133386 candidates
WARNING FALLBACK CAP: kept top 500 by p-value
  Fold 25 [2025-01]: discovery: 201 pairs after beta>0 | cum_var=0.440
  Fold 25 [2025-01]: slicing daily cache for trading 2025-01-01 .. 2025-01-31
  Fold 25 [2025-01]: daily trading: 523 tickers
  Fold 25 [2025-01]: trading residual: 20 bars x 517 tickers
  Fold 25 [2025-01]: complete in 27.2s | n_trades=115, sharpe=-0.579, total_return=-0.0026, exits z/sl/open=23/3/93
  Fold 26 [2025-02]: slicing daily cache for formation 2024-02-01 .. 2025-01-31
  Fold 26 [2025-02]: daily formation: 523 tickers
  [v4-discovery] 523 formation tickers
  [v4-discovery] hard screens: 517 survivors
  [v4-discovery] fitting factor model (PCA on daily returns)...
  [v4-discovery] running pairwise Johansen on 517 tickers (133386 pairs)...
  [v4-discovery] pairwise tests done: 133386 candidates
WARNING FALLBACK CAP: kept top 500 by p-value
  Fold 26 [2025-02]: discovery: 202 pairs after beta>0 | cum_var=0.435
  Fold 26 [2025-02]: slicing daily cache for trading 2025-02-01 .. 2025-02-28
  Fold 26 [2025-02]: daily trading: 524 tickers
  Fold 26 [2025-02]: trading residual: 19 bars x 517 tickers
  Fold 26 [2025-02]: complete in 27.0s | n_trades=76, sharpe=+3.748, total_return=+2.0641, exits z/sl/open=19/10/49
  Fold 27 [2025-03]: slicing daily cache for formation 2024-03-01 .. 2025-02-28
  Fold 27 [2025-03]: daily formation: 524 tickers
  [v4-discovery] 524 formation tickers
  [v4-discovery] hard screens: 520 survivors
  [v4-discovery] fitting factor model (PCA on daily returns)...
  [v4-discovery] running pairwise Johansen on 520 tickers (134940 pairs)...
  [v4-discovery] pairwise tests done: 134940 candidates
WARNING FALLBACK CAP: kept top 500 by p-value
  Fold 27 [2025-03]: discovery: 191 pairs after beta>0 | cum_var=0.458
  Fold 27 [2025-03]: slicing daily cache for trading 2025-03-01 .. 2025-03-31
  Fold 27 [2025-03]: daily trading: 524 tickers
  Fold 27 [2025-03]: trading residual: 21 bars x 520 tickers
  Fold 27 [2025-03]: complete in 27.5s | n_trades=77, sharpe=+0.354, total_return=+0.0015, exits z/sl/open=14/1/62
  Fold 28 [2025-04]: slicing daily cache for formation 2024-04-01 .. 2025-03-31
  Fold 28 [2025-04]: daily formation: 524 tickers
  [v4-discovery] 524 formation tickers
  [v4-discovery] hard screens: 520 survivors
  [v4-discovery] fitting factor model (PCA on daily returns)...
  [v4-discovery] running pairwise Johansen on 520 tickers (134940 pairs)...
  [v4-discovery] pairwise tests done: 134940 candidates
WARNING FALLBACK CAP: kept top 500 by p-value
  Fold 28 [2025-04]: discovery: 197 pairs after beta>0 | cum_var=0.455
  Fold 28 [2025-04]: slicing daily cache for trading 2025-04-01 .. 2025-04-30
  Fold 28 [2025-04]: daily trading: 524 tickers
  Fold 28 [2025-04]: trading residual: 21 bars x 520 tickers
  Fold 28 [2025-04]: complete in 26.9s | n_trades=68, sharpe=+4.130, total_return=+0.0269, exits z/sl/open=22/1/46
  Fold 29 [2025-05]: slicing daily cache for formation 2024-05-01 .. 2025-04-30
  Fold 29 [2025-05]: daily formation: 524 tickers
  [v4-discovery] 524 formation tickers
  [v4-discovery] hard screens: 520 survivors
  [v4-discovery] fitting factor model (PCA on daily returns)...
  [v4-discovery] running pairwise Johansen on 520 tickers (134940 pairs)...
  [v4-discovery] pairwise tests done: 134940 candidates
WARNING FALLBACK CAP: kept top 500 by p-value
  Fold 29 [2025-05]: discovery: 198 pairs after beta>0 | cum_var=0.502
  Fold 29 [2025-05]: slicing daily cache for trading 2025-05-01 .. 2025-05-31
  Fold 29 [2025-05]: daily trading: 524 tickers
  Fold 29 [2025-05]: trading residual: 21 bars x 520 tickers
  Fold 29 [2025-05]: complete in 26.6s | n_trades=42, sharpe=+2.362, total_return=+0.0064, exits z/sl/open=8/0/35
  Fold 30 [2025-06]: slicing daily cache for formation 2024-06-01 .. 2025-05-31
  Fold 30 [2025-06]: daily formation: 524 tickers
  [v4-discovery] 524 formation tickers
  [v4-discovery] hard screens: 521 survivors
  [v4-discovery] fitting factor model (PCA on daily returns)...
  [v4-discovery] running pairwise Johansen on 521 tickers (135460 pairs)...
  [v4-discovery] pairwise tests done: 135460 candidates
WARNING FALLBACK CAP: kept top 500 by p-value
  Fold 30 [2025-06]: discovery: 216 pairs after beta>0 | cum_var=0.501
  Fold 30 [2025-06]: slicing daily cache for trading 2025-06-01 .. 2025-06-30
  Fold 30 [2025-06]: daily trading: 524 tickers
  Fold 30 [2025-06]: trading residual: 20 bars x 521 tickers
  Fold 30 [2025-06]: complete in 26.9s | n_trades=44, sharpe=+0.098, total_return=+0.0002, exits z/sl/open=7/2/35
  Fold 31 [2025-07]: slicing daily cache for formation 2024-07-01 .. 2025-06-30
  Fold 31 [2025-07]: daily formation: 524 tickers
  [v4-discovery] 524 formation tickers
  [v4-discovery] hard screens: 521 survivors
  [v4-discovery] fitting factor model (PCA on daily returns)...
  [v4-discovery] running pairwise Johansen on 521 tickers (135460 pairs)...
  [v4-discovery] pairwise tests done: 135460 candidates
WARNING FALLBACK CAP: kept top 500 by p-value
  Fold 31 [2025-07]: discovery: 212 pairs after beta>0 | cum_var=0.483
  Fold 31 [2025-07]: slicing daily cache for trading 2025-07-01 .. 2025-07-31
  Fold 31 [2025-07]: daily trading: 524 tickers
  Fold 31 [2025-07]: trading residual: 22 bars x 521 tickers
  Fold 31 [2025-07]: complete in 27.2s | n_trades=67, sharpe=+2.702, total_return=+0.0592, exits z/sl/open=14/5/51
  Fold 32 [2025-08]: slicing daily cache for formation 2024-08-01 .. 2025-07-31
  Fold 32 [2025-08]: daily formation: 524 tickers
  [v4-discovery] 524 formation tickers
  [v4-discovery] hard screens: 521 survivors
  [v4-discovery] fitting factor model (PCA on daily returns)...
  [v4-discovery] running pairwise Johansen on 521 tickers (135460 pairs)...
  [v4-discovery] pairwise tests done: 135460 candidates
WARNING FALLBACK CAP: kept top 500 by p-value
  Fold 32 [2025-08]: discovery: 197 pairs after beta>0 | cum_var=0.489
  Fold 32 [2025-08]: slicing daily cache for trading 2025-08-01 .. 2025-08-31
  Fold 32 [2025-08]: daily trading: 525 tickers
  Fold 32 [2025-08]: trading residual: 21 bars x 521 tickers
  Fold 32 [2025-08]: complete in 27.0s | n_trades=75, sharpe=-10.715, total_return=-0.1657, exits z/sl/open=13/6/62
  Fold 33 [2025-09]: slicing daily cache for formation 2024-09-01 .. 2025-08-31
  Fold 33 [2025-09]: daily formation: 525 tickers
  [v4-discovery] 525 formation tickers
  [v4-discovery] hard screens: 522 survivors
  [v4-discovery] fitting factor model (PCA on daily returns)...
  [v4-discovery] running pairwise Johansen on 522 tickers (135981 pairs)...
  [v4-discovery] pairwise tests done: 135981 candidates
WARNING FALLBACK CAP: kept top 500 by p-value
  Fold 33 [2025-09]: discovery: 165 pairs after beta>0 | cum_var=0.503
  Fold 33 [2025-09]: slicing daily cache for trading 2025-09-01 .. 2025-09-30
  Fold 33 [2025-09]: daily trading: 525 tickers
  Fold 33 [2025-09]: trading residual: 21 bars x 522 tickers
  Fold 33 [2025-09]: complete in 27.7s | n_trades=41, sharpe=-7.052, total_return=-0.0202, exits z/sl/open=6/2/35
  Fold 34 [2025-10]: slicing daily cache for formation 2024-10-01 .. 2025-09-30
  Fold 34 [2025-10]: daily formation: 525 tickers
  [v4-discovery] 525 formation tickers
  [v4-discovery] hard screens: 522 survivors
  [v4-discovery] fitting factor model (PCA on daily returns)...
  [v4-discovery] running pairwise Johansen on 522 tickers (135981 pairs)...
  [v4-discovery] pairwise tests done: 135981 candidates
WARNING FALLBACK CAP: kept top 500 by p-value
  Fold 34 [2025-10]: discovery: 168 pairs after beta>0 | cum_var=0.488
  Fold 34 [2025-10]: slicing daily cache for trading 2025-10-01 .. 2025-10-31
  Fold 34 [2025-10]: daily trading: 525 tickers
  Fold 34 [2025-10]: trading residual: 23 bars x 522 tickers
  Fold 34 [2025-10]: complete in 27.3s | n_trades=58, sharpe=+0.481, total_return=+0.0070, exits z/sl/open=7/3/54
  Fold 35 [2025-11]: slicing daily cache for formation 2024-11-01 .. 2025-10-31
  Fold 35 [2025-11]: daily formation: 525 tickers
  [v4-discovery] 525 formation tickers
  [v4-discovery] hard screens: 522 survivors
  [v4-discovery] fitting factor model (PCA on daily returns)...
  [v4-discovery] running pairwise Johansen on 522 tickers (135981 pairs)...
  [v4-discovery] pairwise tests done: 135981 candidates
WARNING FALLBACK CAP: kept top 500 by p-value
  Fold 35 [2025-11]: discovery: 157 pairs after beta>0 | cum_var=0.483
  Fold 35 [2025-11]: slicing daily cache for trading 2025-11-01 .. 2025-11-30
  Fold 35 [2025-11]: daily trading: 527 tickers
  Fold 35 [2025-11]: trading residual: 19 bars x 522 tickers
  Fold 35 [2025-11]: complete in 27.0s | n_trades=55, sharpe=+4.837, total_return=+0.2637, exits z/sl/open=12/0/45
  Fold 36 [2025-12]: slicing daily cache for formation 2024-12-01 .. 2025-11-30
  Fold 36 [2025-12]: daily formation: 527 tickers
  [v4-discovery] 527 formation tickers
  [v4-discovery] hard screens: 522 survivors
  [v4-discovery] fitting factor model (PCA on daily returns)...
  [v4-discovery] running pairwise Johansen on 522 tickers (135981 pairs)...
  [v4-discovery] pairwise tests done: 135981 candidates
WARNING FALLBACK CAP: kept top 500 by p-value
  Fold 36 [2025-12]: discovery: 3 pairs after beta>0 | cum_var=0.496
  Fold 36 [2025-12]: slicing daily cache for trading 2025-12-01 .. 2025-12-31
  Fold 36 [2025-12]: daily trading: 527 tickers
  Fold 36 [2025-12]: trading residual: 22 bars x 522 tickers
  Fold 36 [2025-12]: complete in 27.2s | n_trades=0, sharpe=+0.000, total_return=+0.0000, exits z/sl/open=0/0/0
  Fold 37 [2026-01]: slicing daily cache for formation 2025-01-01 .. 2025-12-31
  Fold 37 [2026-01]: daily formation: 527 tickers
  [v4-discovery] 527 formation tickers
  [v4-discovery] hard screens: 523 survivors
  [v4-discovery] fitting factor model (PCA on daily returns)...
  [v4-discovery] running pairwise Johansen on 523 tickers (136503 pairs)...
  [v4-discovery] pairwise tests done: 136503 candidates
WARNING FALLBACK CAP: kept top 500 by p-value
  Fold 37 [2026-01]: discovery: 232 pairs after beta>0 | cum_var=0.496
  Fold 37 [2026-01]: slicing daily cache for trading 2026-01-01 .. 2026-01-31
  Fold 37 [2026-01]: daily trading: 528 tickers
  Fold 37 [2026-01]: trading residual: 20 bars x 523 tickers
  Fold 37 [2026-01]: complete in 27.2s | n_trades=88, sharpe=+3.746, total_return=+0.1222, exits z/sl/open=17/9/64
  Fold 38 [2026-02]: slicing daily cache for formation 2025-02-01 .. 2026-01-31
  Fold 38 [2026-02]: daily formation: 528 tickers
  [v4-discovery] 528 formation tickers
  [v4-discovery] hard screens: 524 survivors
  [v4-discovery] fitting factor model (PCA on daily returns)...
  [v4-discovery] running pairwise Johansen on 524 tickers (137026 pairs)...
  [v4-discovery] pairwise tests done: 137026 candidates
WARNING FALLBACK CAP: kept top 500 by p-value
  Fold 38 [2026-02]: discovery: 210 pairs after beta>0 | cum_var=0.482
  Fold 38 [2026-02]: slicing daily cache for trading 2026-02-01 .. 2026-02-28
  Fold 38 [2026-02]: daily trading: 528 tickers
  Fold 38 [2026-02]: trading residual: 19 bars x 524 tickers
  Fold 38 [2026-02]: complete in 27.6s | n_trades=111, sharpe=-2.868, total_return=-0.0360, exits z/sl/open=15/15/82
  Fold 39 [2026-03]: slicing daily cache for formation 2025-03-01 .. 2026-02-28
  Fold 39 [2026-03]: daily formation: 528 tickers
  [v4-discovery] 528 formation tickers
  [v4-discovery] hard screens: 524 survivors
  [v4-discovery] fitting factor model (PCA on daily returns)...
  [v4-discovery] running pairwise Johansen on 524 tickers (137026 pairs)...
  [v4-discovery] pairwise tests done: 137026 candidates
WARNING FALLBACK CAP: kept top 500 by p-value
  Fold 39 [2026-03]: discovery: 168 pairs after beta>0 | cum_var=0.462
  Fold 39 [2026-03]: slicing daily cache for trading 2026-03-01 .. 2026-03-31
  Fold 39 [2026-03]: daily trading: 528 tickers
  Fold 39 [2026-03]: trading residual: 14 bars x 524 tickers
  Fold 39 [2026-03]: complete in 27.6s | n_trades=64, sharpe=+1.885, total_return=+0.0075, exits z/sl/open=6/0/59

Combo ez2.0_hl30 done in 1042s
  mean Sharpe (all 39)=-0.507, median=+0.085, winners=20/38
  train (1-30): mean Sharpe=-0.409, OOS (31-39): mean Sharpe=-0.873

============================================================
[7/9] Combo: entry_z=2.5, hl_max=10.0 -> ez2.5_hl10
============================================================
  Fold 01 [2023-01]: slicing daily cache for formation 2022-01-01 .. 2022-12-31
  Fold 01 [2023-01]: daily formation: 511 tickers
  [v4-discovery] 511 formation tickers
  [v4-discovery] hard screens: 506 survivors
  [v4-discovery] fitting factor model (PCA on daily returns)...
  [v4-discovery] running pairwise Johansen on 506 tickers (127765 pairs)...
  [v4-discovery] pairwise tests done: 127765 candidates
WARNING FALLBACK CAP: kept top 500 by p-value
  Fold 01 [2023-01]: discovery: 78 pairs after beta>0 | cum_var=0.623
  Fold 01 [2023-01]: slicing daily cache for trading 2023-01-01 .. 2023-01-31
  Fold 01 [2023-01]: daily trading: 512 tickers
  Fold 01 [2023-01]: trading residual: 20 bars x 506 tickers
  Fold 01 [2023-01]: complete in 25.8s | n_trades=13, sharpe=-0.023, total_return=-0.0000, exits z/sl/open=1/0/12
  Fold 02 [2023-02]: slicing daily cache for formation 2022-02-01 .. 2023-01-31
  Fold 02 [2023-02]: daily formation: 512 tickers
  [v4-discovery] 512 formation tickers
  [v4-discovery] hard screens: 506 survivors
  [v4-discovery] fitting factor model (PCA on daily returns)...
  [v4-discovery] running pairwise Johansen on 506 tickers (127765 pairs)...
  [v4-discovery] pairwise tests done: 127765 candidates
WARNING FALLBACK CAP: kept top 500 by p-value
  Fold 02 [2023-02]: discovery: 59 pairs after beta>0 | cum_var=0.614
  Fold 02 [2023-02]: slicing daily cache for trading 2023-02-01 .. 2023-02-28
  Fold 02 [2023-02]: daily trading: 512 tickers
  Fold 02 [2023-02]: trading residual: 19 bars x 506 tickers
  Fold 02 [2023-02]: complete in 25.6s | n_trades=19, sharpe=-1.121, total_return=-0.0011, exits z/sl/open=1/1/17
  Fold 03 [2023-03]: slicing daily cache for formation 2022-03-01 .. 2023-02-28
  Fold 03 [2023-03]: daily formation: 512 tickers
  [v4-discovery] 512 formation tickers
  [v4-discovery] hard screens: 506 survivors
  [v4-discovery] fitting factor model (PCA on daily returns)...
  [v4-discovery] running pairwise Johansen on 506 tickers (127765 pairs)...
  [v4-discovery] pairwise tests done: 127765 candidates
WARNING FALLBACK CAP: kept top 500 by p-value
  Fold 03 [2023-03]: discovery: 75 pairs after beta>0 | cum_var=0.615
  Fold 03 [2023-03]: slicing daily cache for trading 2023-03-01 .. 2023-03-31
  Fold 03 [2023-03]: daily trading: 512 tickers
  Fold 03 [2023-03]: trading residual: 23 bars x 506 tickers
  Fold 03 [2023-03]: complete in 25.5s | n_trades=31, sharpe=-0.818, total_return=-0.0029, exits z/sl/open=1/3/27
  Fold 04 [2023-04]: slicing daily cache for formation 2022-04-01 .. 2023-03-31
  Fold 04 [2023-04]: daily formation: 512 tickers
  [v4-discovery] 512 formation tickers
  [v4-discovery] hard screens: 507 survivors
  [v4-discovery] fitting factor model (PCA on daily returns)...
  [v4-discovery] running pairwise Johansen on 507 tickers (128271 pairs)...
  [v4-discovery] pairwise tests done: 128271 candidates
WARNING FALLBACK CAP: kept top 500 by p-value
  Fold 04 [2023-04]: discovery: 54 pairs after beta>0 | cum_var=0.616
  Fold 04 [2023-04]: slicing daily cache for trading 2023-04-01 .. 2023-04-30
  Fold 04 [2023-04]: daily trading: 512 tickers
  Fold 04 [2023-04]: trading residual: 19 bars x 507 tickers
  Fold 04 [2023-04]: complete in 25.8s | n_trades=6, sharpe=+6.195, total_return=+0.0028, exits z/sl/open=1/0/6
  Fold 05 [2023-05]: slicing daily cache for formation 2022-05-01 .. 2023-04-30
  Fold 05 [2023-05]: daily formation: 512 tickers
  [v4-discovery] 512 formation tickers
  [v4-discovery] hard screens: 508 survivors
  [v4-discovery] fitting factor model (PCA on daily returns)...
  [v4-discovery] running pairwise Johansen on 508 tickers (128778 pairs)...
  [v4-discovery] pairwise tests done: 128778 candidates
WARNING FALLBACK CAP: kept top 500 by p-value
  Fold 05 [2023-05]: discovery: 96 pairs after beta>0 | cum_var=0.612
  Fold 05 [2023-05]: slicing daily cache for trading 2023-05-01 .. 2023-05-31
  Fold 05 [2023-05]: daily trading: 514 tickers
  Fold 05 [2023-05]: trading residual: 22 bars x 508 tickers
  Fold 05 [2023-05]: complete in 25.7s | n_trades=9, sharpe=-9.360, total_return=-0.0646, exits z/sl/open=0/0/9
  Fold 06 [2023-06]: slicing daily cache for formation 2022-06-01 .. 2023-05-31
  Fold 06 [2023-06]: daily formation: 514 tickers
  [v4-discovery] 514 formation tickers
  [v4-discovery] hard screens: 510 survivors
  [v4-discovery] fitting factor model (PCA on daily returns)...
  [v4-discovery] running pairwise Johansen on 510 tickers (129795 pairs)...
  [v4-discovery] pairwise tests done: 129795 candidates
WARNING FALLBACK CAP: kept top 500 by p-value
  Fold 06 [2023-06]: discovery: 65 pairs after beta>0 | cum_var=0.596
  Fold 06 [2023-06]: slicing daily cache for trading 2023-06-01 .. 2023-06-30
  Fold 06 [2023-06]: daily trading: 514 tickers
  Fold 06 [2023-06]: trading residual: 21 bars x 510 tickers
  Fold 06 [2023-06]: complete in 26.2s | n_trades=18, sharpe=+1.481, total_return=+0.0025, exits z/sl/open=2/0/16
  Fold 07 [2023-07]: slicing daily cache for formation 2022-07-01 .. 2023-06-30
  Fold 07 [2023-07]: daily formation: 514 tickers
  [v4-discovery] 514 formation tickers
  [v4-discovery] hard screens: 510 survivors
  [v4-discovery] fitting factor model (PCA on daily returns)...
  [v4-discovery] running pairwise Johansen on 510 tickers (129795 pairs)...
  [v4-discovery] pairwise tests done: 129795 candidates
WARNING FALLBACK CAP: kept top 500 by p-value
  Fold 07 [2023-07]: discovery: 60 pairs after beta>0 | cum_var=0.595
  Fold 07 [2023-07]: slicing daily cache for trading 2023-07-01 .. 2023-07-31
  Fold 07 [2023-07]: daily trading: 514 tickers
  Fold 07 [2023-07]: trading residual: 20 bars x 509 tickers
  Fold 07 [2023-07]: complete in 26.7s | n_trades=14, sharpe=+1.564, total_return=+0.0015, exits z/sl/open=2/1/12
  Fold 08 [2023-08]: slicing daily cache for formation 2022-08-01 .. 2023-07-31
  Fold 08 [2023-08]: daily formation: 515 tickers
  [v4-discovery] 515 formation tickers
  [v4-discovery] hard screens: 509 survivors
  [v4-discovery] fitting factor model (PCA on daily returns)...
  [v4-discovery] running pairwise Johansen on 509 tickers (129286 pairs)...
  [v4-discovery] pairwise tests done: 129286 candidates
WARNING FALLBACK CAP: kept top 500 by p-value
  Fold 08 [2023-08]: discovery: 32 pairs after beta>0 | cum_var=0.491
  Fold 08 [2023-08]: slicing daily cache for trading 2023-08-01 .. 2023-08-31
  Fold 08 [2023-08]: daily trading: 515 tickers
  Fold 08 [2023-08]: trading residual: 23 bars x 509 tickers
  Fold 08 [2023-08]: complete in 25.4s | n_trades=3, sharpe=-4.521, total_return=-0.0055, exits z/sl/open=1/0/2
  Fold 09 [2023-09]: slicing daily cache for formation 2022-09-01 .. 2023-08-31
  Fold 09 [2023-09]: daily formation: 516 tickers
  [v4-discovery] 516 formation tickers
  [v4-discovery] hard screens: 509 survivors
  [v4-discovery] fitting factor model (PCA on daily returns)...
  [v4-discovery] running pairwise Johansen on 509 tickers (129286 pairs)...
  [v4-discovery] pairwise tests done: 129286 candidates
WARNING FALLBACK CAP: kept top 500 by p-value
  Fold 09 [2023-09]: discovery: 213 pairs after beta>0 | cum_var=0.489
  Fold 09 [2023-09]: slicing daily cache for trading 2023-09-01 .. 2023-09-30
  Fold 09 [2023-09]: daily trading: 516 tickers
  Fold 09 [2023-09]: trading residual: 20 bars x 509 tickers
  Fold 09 [2023-09]: complete in 25.9s | n_trades=12, sharpe=-3.117, total_return=-0.2018, exits z/sl/open=1/0/11
  Fold 10 [2023-10]: slicing daily cache for formation 2022-10-01 .. 2023-09-30
  Fold 10 [2023-10]: daily formation: 517 tickers
  [v4-discovery] 517 formation tickers
  [v4-discovery] hard screens: 509 survivors
  [v4-discovery] fitting factor model (PCA on daily returns)...
  [v4-discovery] running pairwise Johansen on 509 tickers (129286 pairs)...
  [v4-discovery] pairwise tests done: 129286 candidates
WARNING FALLBACK CAP: kept top 500 by p-value
  Fold 10 [2023-10]: discovery: 73 pairs after beta>0 | cum_var=0.480
  Fold 10 [2023-10]: slicing daily cache for trading 2023-10-01 .. 2023-10-31
  Fold 10 [2023-10]: daily trading: 517 tickers
  Fold 10 [2023-10]: trading residual: 22 bars x 509 tickers
  Fold 10 [2023-10]: complete in 25.9s | n_trades=16, sharpe=-2.380, total_return=-0.0774, exits z/sl/open=3/0/14
  Fold 11 [2023-11]: slicing daily cache for formation 2022-11-01 .. 2023-10-31
  Fold 11 [2023-11]: daily formation: 518 tickers
  [v4-discovery] 518 formation tickers
  [v4-discovery] hard screens: 510 survivors
  [v4-discovery] fitting factor model (PCA on daily returns)...
  [v4-discovery] running pairwise Johansen on 510 tickers (129795 pairs)...
  [v4-discovery] pairwise tests done: 129795 candidates
WARNING FALLBACK CAP: kept top 500 by p-value
  Fold 11 [2023-11]: discovery: 104 pairs after beta>0 | cum_var=0.468
  Fold 11 [2023-11]: slicing daily cache for trading 2023-11-01 .. 2023-11-30
  Fold 11 [2023-11]: daily trading: 517 tickers
  Fold 11 [2023-11]: trading residual: 21 bars x 510 tickers
  Fold 11 [2023-11]: complete in 26.0s | n_trades=25, sharpe=+3.946, total_return=+0.0110, exits z/sl/open=1/4/21
  Fold 12 [2023-12]: slicing daily cache for formation 2022-12-01 .. 2023-11-30
  Fold 12 [2023-12]: daily formation: 518 tickers
  [v4-discovery] 518 formation tickers
  [v4-discovery] hard screens: 511 survivors
  [v4-discovery] fitting factor model (PCA on daily returns)...
  [v4-discovery] running pairwise Johansen on 511 tickers (130305 pairs)...
  [v4-discovery] pairwise tests done: 130305 candidates
WARNING FALLBACK CAP: kept top 500 by p-value
  Fold 12 [2023-12]: discovery: 66 pairs after beta>0 | cum_var=0.422
  Fold 12 [2023-12]: slicing daily cache for trading 2023-12-01 .. 2023-12-31
  Fold 12 [2023-12]: daily trading: 517 tickers
  Fold 12 [2023-12]: trading residual: 20 bars x 511 tickers
  Fold 12 [2023-12]: complete in 25.9s | n_trades=16, sharpe=+4.340, total_return=+0.0059, exits z/sl/open=5/0/12
  Fold 13 [2024-01]: slicing daily cache for formation 2023-01-01 .. 2023-12-31
  Fold 13 [2024-01]: daily formation: 518 tickers
  [v4-discovery] 518 formation tickers
  [v4-discovery] hard screens: 511 survivors
  [v4-discovery] fitting factor model (PCA on daily returns)...
  [v4-discovery] running pairwise Johansen on 511 tickers (130305 pairs)...
  [v4-discovery] pairwise tests done: 130305 candidates
WARNING FALLBACK CAP: kept top 500 by p-value
  Fold 13 [2024-01]: discovery: 75 pairs after beta>0 | cum_var=0.423
  Fold 13 [2024-01]: slicing daily cache for trading 2024-01-01 .. 2024-01-31
  Fold 13 [2024-01]: daily trading: 517 tickers
  Fold 13 [2024-01]: trading residual: 21 bars x 511 tickers
  Fold 13 [2024-01]: complete in 26.4s | n_trades=30, sharpe=-1.402, total_return=-0.0017, exits z/sl/open=4/6/21
  Fold 14 [2024-02]: slicing daily cache for formation 2023-02-01 .. 2024-01-31
  Fold 14 [2024-02]: daily formation: 518 tickers
  [v4-discovery] 518 formation tickers
  [v4-discovery] hard screens: 511 survivors
  [v4-discovery] fitting factor model (PCA on daily returns)...
  [v4-discovery] running pairwise Johansen on 511 tickers (130305 pairs)...
  [v4-discovery] pairwise tests done: 130305 candidates
WARNING FALLBACK CAP: kept top 500 by p-value
  Fold 14 [2024-02]: discovery: 144 pairs after beta>0 | cum_var=0.411
  Fold 14 [2024-02]: slicing daily cache for trading 2024-02-01 .. 2024-02-29
  Fold 14 [2024-02]: daily trading: 517 tickers
  Fold 14 [2024-02]: trading residual: 20 bars x 511 tickers
  Fold 14 [2024-02]: complete in 26.2s | n_trades=23, sharpe=-0.690, total_return=-0.0022, exits z/sl/open=5/1/17
  Fold 15 [2024-03]: slicing daily cache for formation 2023-03-01 .. 2024-02-29
  Fold 15 [2024-03]: daily formation: 518 tickers
  [v4-discovery] 518 formation tickers
  [v4-discovery] hard screens: 511 survivors
  [v4-discovery] fitting factor model (PCA on daily returns)...
  [v4-discovery] running pairwise Johansen on 511 tickers (130305 pairs)...
  [v4-discovery] pairwise tests done: 130305 candidates
WARNING FALLBACK CAP: kept top 500 by p-value
  Fold 15 [2024-03]: discovery: 91 pairs after beta>0 | cum_var=0.399
  Fold 15 [2024-03]: slicing daily cache for trading 2024-03-01 .. 2024-03-31
  Fold 15 [2024-03]: daily trading: 518 tickers
  Fold 15 [2024-03]: trading residual: 19 bars x 511 tickers
  Fold 15 [2024-03]: complete in 26.5s | n_trades=18, sharpe=+0.647, total_return=+0.0014, exits z/sl/open=2/1/16
  Fold 16 [2024-04]: slicing daily cache for formation 2023-04-01 .. 2024-03-31
  Fold 16 [2024-04]: daily formation: 519 tickers
  [v4-discovery] 519 formation tickers
  [v4-discovery] hard screens: 512 survivors
  [v4-discovery] fitting factor model (PCA on daily returns)...
  [v4-discovery] running pairwise Johansen on 512 tickers (130816 pairs)...
  [v4-discovery] pairwise tests done: 130816 candidates
WARNING FALLBACK CAP: kept top 500 by p-value
  Fold 16 [2024-04]: discovery: 87 pairs after beta>0 | cum_var=0.372
  Fold 16 [2024-04]: slicing daily cache for trading 2024-04-01 .. 2024-04-30
  Fold 16 [2024-04]: daily trading: 520 tickers
  Fold 16 [2024-04]: trading residual: 22 bars x 512 tickers
  Fold 16 [2024-04]: complete in 26.6s | n_trades=27, sharpe=-0.265, total_return=-0.0012, exits z/sl/open=2/2/23
  Fold 17 [2024-05]: slicing daily cache for formation 2023-05-01 .. 2024-04-30
  Fold 17 [2024-05]: daily formation: 521 tickers
  [v4-discovery] 521 formation tickers
  [v4-discovery] hard screens: 513 survivors
  [v4-discovery] fitting factor model (PCA on daily returns)...
  [v4-discovery] running pairwise Johansen on 513 tickers (131328 pairs)...
  [v4-discovery] pairwise tests done: 131328 candidates
WARNING FALLBACK CAP: kept top 500 by p-value
  Fold 17 [2024-05]: discovery: 77 pairs after beta>0 | cum_var=0.366
  Fold 17 [2024-05]: slicing daily cache for trading 2024-05-01 .. 2024-05-31
  Fold 17 [2024-05]: daily trading: 520 tickers
  Fold 17 [2024-05]: trading residual: 22 bars x 513 tickers
  Fold 17 [2024-05]: complete in 26.3s | n_trades=38, sharpe=-7.010, total_return=-0.0258, exits z/sl/open=3/6/29
  Fold 18 [2024-06]: slicing daily cache for formation 2023-06-01 .. 2024-05-31
  Fold 18 [2024-06]: daily formation: 521 tickers
  [v4-discovery] 521 formation tickers
  [v4-discovery] hard screens: 514 survivors
  [v4-discovery] fitting factor model (PCA on daily returns)...
  [v4-discovery] running pairwise Johansen on 514 tickers (131841 pairs)...
  [v4-discovery] pairwise tests done: 131841 candidates
WARNING FALLBACK CAP: kept top 500 by p-value
  Fold 18 [2024-06]: discovery: 72 pairs after beta>0 | cum_var=0.356
  Fold 18 [2024-06]: slicing daily cache for trading 2024-06-01 .. 2024-06-30
  Fold 18 [2024-06]: daily trading: 520 tickers
  Fold 18 [2024-06]: trading residual: 19 bars x 514 tickers
  Fold 18 [2024-06]: complete in 26.0s | n_trades=17, sharpe=-0.911, total_return=-0.0005, exits z/sl/open=3/1/13
  Fold 19 [2024-07]: slicing daily cache for formation 2023-07-01 .. 2024-06-30
  Fold 19 [2024-07]: daily formation: 520 tickers
  [v4-discovery] 520 formation tickers
  [v4-discovery] hard screens: 514 survivors
  [v4-discovery] fitting factor model (PCA on daily returns)...
  [v4-discovery] running pairwise Johansen on 514 tickers (131841 pairs)...
  [v4-discovery] pairwise tests done: 131841 candidates
WARNING FALLBACK CAP: kept top 500 by p-value
  Fold 19 [2024-07]: discovery: 58 pairs after beta>0 | cum_var=0.514
  Fold 19 [2024-07]: slicing daily cache for trading 2024-07-01 .. 2024-07-31
  Fold 19 [2024-07]: daily trading: 521 tickers
  Fold 19 [2024-07]: trading residual: 22 bars x 514 tickers
  Fold 19 [2024-07]: complete in 26.2s | n_trades=29, sharpe=-0.551, total_return=-0.0006, exits z/sl/open=7/3/20
  Fold 20 [2024-08]: slicing daily cache for formation 2023-08-01 .. 2024-07-31
  Fold 20 [2024-08]: daily formation: 521 tickers
  [v4-discovery] 521 formation tickers
  [v4-discovery] hard screens: 515 survivors
  [v4-discovery] fitting factor model (PCA on daily returns)...
  [v4-discovery] running pairwise Johansen on 515 tickers (132355 pairs)...
  [v4-discovery] pairwise tests done: 132355 candidates
WARNING FALLBACK CAP: kept top 500 by p-value
  Fold 20 [2024-08]: discovery: 50 pairs after beta>0 | cum_var=0.536
  Fold 20 [2024-08]: slicing daily cache for trading 2024-08-01 .. 2024-08-31
  Fold 20 [2024-08]: daily trading: 521 tickers
  Fold 20 [2024-08]: trading residual: 22 bars x 515 tickers
  Fold 20 [2024-08]: complete in 26.2s | n_trades=26, sharpe=+2.667, total_return=+0.0050, exits z/sl/open=5/2/20
  Fold 21 [2024-09]: slicing daily cache for formation 2023-09-01 .. 2024-08-31
  Fold 21 [2024-09]: daily formation: 521 tickers
  [v4-discovery] 521 formation tickers
  [v4-discovery] hard screens: 517 survivors
  [v4-discovery] fitting factor model (PCA on daily returns)...
  [v4-discovery] running pairwise Johansen on 517 tickers (133386 pairs)...
  [v4-discovery] pairwise tests done: 133386 candidates
WARNING FALLBACK CAP: kept top 500 by p-value
  Fold 21 [2024-09]: discovery: 82 pairs after beta>0 | cum_var=0.537
  Fold 21 [2024-09]: slicing daily cache for trading 2024-09-01 .. 2024-09-30
  Fold 21 [2024-09]: daily trading: 521 tickers
  Fold 21 [2024-09]: trading residual: 20 bars x 517 tickers
  Fold 21 [2024-09]: complete in 27.0s | n_trades=17, sharpe=-4.619, total_return=-0.0045, exits z/sl/open=2/1/14
  Fold 22 [2024-10]: slicing daily cache for formation 2023-10-01 .. 2024-09-30
  Fold 22 [2024-10]: daily formation: 521 tickers
  [v4-discovery] 521 formation tickers
  [v4-discovery] hard screens: 517 survivors
  [v4-discovery] fitting factor model (PCA on daily returns)...
  [v4-discovery] running pairwise Johansen on 517 tickers (133386 pairs)...
  [v4-discovery] pairwise tests done: 133386 candidates
WARNING FALLBACK CAP: kept top 500 by p-value
  Fold 22 [2024-10]: discovery: 55 pairs after beta>0 | cum_var=0.501
  Fold 22 [2024-10]: slicing daily cache for trading 2024-10-01 .. 2024-10-31
  Fold 22 [2024-10]: daily trading: 522 tickers
  Fold 22 [2024-10]: trading residual: 23 bars x 517 tickers
  Fold 22 [2024-10]: complete in 26.9s | n_trades=24, sharpe=-4.166, total_return=-0.0037, exits z/sl/open=3/1/20
  Fold 23 [2024-11]: slicing daily cache for formation 2023-11-01 .. 2024-10-31
  Fold 23 [2024-11]: daily formation: 522 tickers
  [v4-discovery] 522 formation tickers
  [v4-discovery] hard screens: 517 survivors
  [v4-discovery] fitting factor model (PCA on daily returns)...
  [v4-discovery] running pairwise Johansen on 517 tickers (133386 pairs)...
  [v4-discovery] pairwise tests done: 133386 candidates
WARNING FALLBACK CAP: kept top 500 by p-value
  Fold 23 [2024-11]: discovery: 42 pairs after beta>0 | cum_var=0.475
  Fold 23 [2024-11]: slicing daily cache for trading 2024-11-01 .. 2024-11-30
  Fold 23 [2024-11]: daily trading: 522 tickers
  Fold 23 [2024-11]: trading residual: 20 bars x 517 tickers
  Fold 23 [2024-11]: complete in 27.0s | n_trades=22, sharpe=+0.460, total_return=+0.0009, exits z/sl/open=1/2/19
  Fold 24 [2024-12]: slicing daily cache for formation 2023-12-01 .. 2024-11-30
  Fold 24 [2024-12]: daily formation: 522 tickers
  [v4-discovery] 522 formation tickers
  [v4-discovery] hard screens: 517 survivors
  [v4-discovery] fitting factor model (PCA on daily returns)...
  [v4-discovery] running pairwise Johansen on 517 tickers (133386 pairs)...
  [v4-discovery] pairwise tests done: 133386 candidates
WARNING FALLBACK CAP: kept top 500 by p-value
  Fold 24 [2024-12]: discovery: 33 pairs after beta>0 | cum_var=0.466
  Fold 24 [2024-12]: slicing daily cache for trading 2024-12-01 .. 2024-12-31
  Fold 24 [2024-12]: daily trading: 522 tickers
  Fold 24 [2024-12]: trading residual: 21 bars x 517 tickers
  Fold 24 [2024-12]: complete in 26.4s | n_trades=6, sharpe=-2.088, total_return=-0.0024, exits z/sl/open=0/0/6
  Fold 25 [2025-01]: slicing daily cache for formation 2024-01-01 .. 2024-12-31
  Fold 25 [2025-01]: daily formation: 522 tickers
  [v4-discovery] 522 formation tickers
  [v4-discovery] hard screens: 517 survivors
  [v4-discovery] fitting factor model (PCA on daily returns)...
  [v4-discovery] running pairwise Johansen on 517 tickers (133386 pairs)...
  [v4-discovery] pairwise tests done: 133386 candidates
WARNING FALLBACK CAP: kept top 500 by p-value
  Fold 25 [2025-01]: discovery: 56 pairs after beta>0 | cum_var=0.440
  Fold 25 [2025-01]: slicing daily cache for trading 2025-01-01 .. 2025-01-31
  Fold 25 [2025-01]: daily trading: 523 tickers
  Fold 25 [2025-01]: trading residual: 20 bars x 517 tickers
  Fold 25 [2025-01]: complete in 27.0s | n_trades=30, sharpe=+1.627, total_return=+0.0025, exits z/sl/open=3/0/27
  Fold 26 [2025-02]: slicing daily cache for formation 2024-02-01 .. 2025-01-31
  Fold 26 [2025-02]: daily formation: 523 tickers
  [v4-discovery] 523 formation tickers
  [v4-discovery] hard screens: 517 survivors
  [v4-discovery] fitting factor model (PCA on daily returns)...
  [v4-discovery] running pairwise Johansen on 517 tickers (133386 pairs)...
  [v4-discovery] pairwise tests done: 133386 candidates
WARNING FALLBACK CAP: kept top 500 by p-value
  Fold 26 [2025-02]: discovery: 127 pairs after beta>0 | cum_var=0.435
  Fold 26 [2025-02]: slicing daily cache for trading 2025-02-01 .. 2025-02-28
  Fold 26 [2025-02]: daily trading: 524 tickers
  Fold 26 [2025-02]: trading residual: 19 bars x 517 tickers
  Fold 26 [2025-02]: complete in 26.6s | n_trades=23, sharpe=+4.543, total_return=+0.0086, exits z/sl/open=5/0/19
  Fold 27 [2025-03]: slicing daily cache for formation 2024-03-01 .. 2025-02-28
  Fold 27 [2025-03]: daily formation: 524 tickers
  [v4-discovery] 524 formation tickers
  [v4-discovery] hard screens: 520 survivors
  [v4-discovery] fitting factor model (PCA on daily returns)...
  [v4-discovery] running pairwise Johansen on 520 tickers (134940 pairs)...
  [v4-discovery] pairwise tests done: 134940 candidates
WARNING FALLBACK CAP: kept top 500 by p-value
  Fold 27 [2025-03]: discovery: 93 pairs after beta>0 | cum_var=0.458
  Fold 27 [2025-03]: slicing daily cache for trading 2025-03-01 .. 2025-03-31
  Fold 27 [2025-03]: daily trading: 524 tickers
  Fold 27 [2025-03]: trading residual: 21 bars x 520 tickers
  Fold 27 [2025-03]: complete in 26.5s | n_trades=15, sharpe=-0.301, total_return=-0.0003, exits z/sl/open=2/0/13
  Fold 28 [2025-04]: slicing daily cache for formation 2024-04-01 .. 2025-03-31
  Fold 28 [2025-04]: daily formation: 524 tickers
  [v4-discovery] 524 formation tickers
  [v4-discovery] hard screens: 520 survivors
  [v4-discovery] fitting factor model (PCA on daily returns)...
  [v4-discovery] running pairwise Johansen on 520 tickers (134940 pairs)...
  [v4-discovery] pairwise tests done: 134940 candidates
WARNING FALLBACK CAP: kept top 500 by p-value
  Fold 28 [2025-04]: discovery: 72 pairs after beta>0 | cum_var=0.455
  Fold 28 [2025-04]: slicing daily cache for trading 2025-04-01 .. 2025-04-30
  Fold 28 [2025-04]: daily trading: 524 tickers
  Fold 28 [2025-04]: trading residual: 21 bars x 520 tickers
  Fold 28 [2025-04]: complete in 26.9s | n_trades=20, sharpe=+1.846, total_return=+0.0051, exits z/sl/open=3/0/17
  Fold 29 [2025-05]: slicing daily cache for formation 2024-05-01 .. 2025-04-30
  Fold 29 [2025-05]: daily formation: 524 tickers
  [v4-discovery] 524 formation tickers
  [v4-discovery] hard screens: 520 survivors
  [v4-discovery] fitting factor model (PCA on daily returns)...
  [v4-discovery] running pairwise Johansen on 520 tickers (134940 pairs)...
  [v4-discovery] pairwise tests done: 134940 candidates
WARNING FALLBACK CAP: kept top 500 by p-value
  Fold 29 [2025-05]: discovery: 88 pairs after beta>0 | cum_var=0.502
  Fold 29 [2025-05]: slicing daily cache for trading 2025-05-01 .. 2025-05-31
  Fold 29 [2025-05]: daily trading: 524 tickers
  Fold 29 [2025-05]: trading residual: 21 bars x 520 tickers
  Fold 29 [2025-05]: complete in 26.6s | n_trades=9, sharpe=+0.114, total_return=+0.0001, exits z/sl/open=0/0/9
  Fold 30 [2025-06]: slicing daily cache for formation 2024-06-01 .. 2025-05-31
  Fold 30 [2025-06]: daily formation: 524 tickers
  [v4-discovery] 524 formation tickers
  [v4-discovery] hard screens: 521 survivors
  [v4-discovery] fitting factor model (PCA on daily returns)...
  [v4-discovery] running pairwise Johansen on 521 tickers (135460 pairs)...
  [v4-discovery] pairwise tests done: 135460 candidates
WARNING FALLBACK CAP: kept top 500 by p-value
  Fold 30 [2025-06]: discovery: 140 pairs after beta>0 | cum_var=0.501
  Fold 30 [2025-06]: slicing daily cache for trading 2025-06-01 .. 2025-06-30
  Fold 30 [2025-06]: daily trading: 524 tickers
  Fold 30 [2025-06]: trading residual: 20 bars x 521 tickers
  Fold 30 [2025-06]: complete in 27.0s | n_trades=10, sharpe=-1.222, total_return=-0.0006, exits z/sl/open=0/0/10
  Fold 31 [2025-07]: slicing daily cache for formation 2024-07-01 .. 2025-06-30
  Fold 31 [2025-07]: daily formation: 524 tickers
  [v4-discovery] 524 formation tickers
  [v4-discovery] hard screens: 521 survivors
  [v4-discovery] fitting factor model (PCA on daily returns)...
  [v4-discovery] running pairwise Johansen on 521 tickers (135460 pairs)...
  [v4-discovery] pairwise tests done: 135460 candidates
WARNING FALLBACK CAP: kept top 500 by p-value
  Fold 31 [2025-07]: discovery: 113 pairs after beta>0 | cum_var=0.483
  Fold 31 [2025-07]: slicing daily cache for trading 2025-07-01 .. 2025-07-31
  Fold 31 [2025-07]: daily trading: 524 tickers
  Fold 31 [2025-07]: trading residual: 22 bars x 521 tickers
  Fold 31 [2025-07]: complete in 26.9s | n_trades=28, sharpe=-0.813, total_return=-0.0013, exits z/sl/open=3/4/22
  Fold 32 [2025-08]: slicing daily cache for formation 2024-08-01 .. 2025-07-31
  Fold 32 [2025-08]: daily formation: 524 tickers
  [v4-discovery] 524 formation tickers
  [v4-discovery] hard screens: 521 survivors
  [v4-discovery] fitting factor model (PCA on daily returns)...
  [v4-discovery] running pairwise Johansen on 521 tickers (135460 pairs)...
  [v4-discovery] pairwise tests done: 135460 candidates
WARNING FALLBACK CAP: kept top 500 by p-value
  Fold 32 [2025-08]: discovery: 76 pairs after beta>0 | cum_var=0.489
  Fold 32 [2025-08]: slicing daily cache for trading 2025-08-01 .. 2025-08-31
  Fold 32 [2025-08]: daily trading: 525 tickers
  Fold 32 [2025-08]: trading residual: 21 bars x 521 tickers
  Fold 32 [2025-08]: complete in 27.0s | n_trades=35, sharpe=-1.530, total_return=-0.0048, exits z/sl/open=5/6/26
  Fold 33 [2025-09]: slicing daily cache for formation 2024-09-01 .. 2025-08-31
  Fold 33 [2025-09]: daily formation: 525 tickers
  [v4-discovery] 525 formation tickers
  [v4-discovery] hard screens: 522 survivors
  [v4-discovery] fitting factor model (PCA on daily returns)...
  [v4-discovery] running pairwise Johansen on 522 tickers (135981 pairs)...
  [v4-discovery] pairwise tests done: 135981 candidates
WARNING FALLBACK CAP: kept top 500 by p-value
  Fold 33 [2025-09]: discovery: 48 pairs after beta>0 | cum_var=0.503
  Fold 33 [2025-09]: slicing daily cache for trading 2025-09-01 .. 2025-09-30
  Fold 33 [2025-09]: daily trading: 525 tickers
  Fold 33 [2025-09]: trading residual: 21 bars x 522 tickers
  Fold 33 [2025-09]: complete in 26.8s | n_trades=9, sharpe=-5.225, total_return=-0.0032, exits z/sl/open=1/1/7
  Fold 34 [2025-10]: slicing daily cache for formation 2024-10-01 .. 2025-09-30
  Fold 34 [2025-10]: daily formation: 525 tickers
  [v4-discovery] 525 formation tickers
  [v4-discovery] hard screens: 522 survivors
  [v4-discovery] fitting factor model (PCA on daily returns)...
  [v4-discovery] running pairwise Johansen on 522 tickers (135981 pairs)...
  [v4-discovery] pairwise tests done: 135981 candidates
WARNING FALLBACK CAP: kept top 500 by p-value
  Fold 34 [2025-10]: discovery: 44 pairs after beta>0 | cum_var=0.488
  Fold 34 [2025-10]: slicing daily cache for trading 2025-10-01 .. 2025-10-31
  Fold 34 [2025-10]: daily trading: 525 tickers
  Fold 34 [2025-10]: trading residual: 23 bars x 522 tickers
  Fold 34 [2025-10]: complete in 27.2s | n_trades=24, sharpe=+1.375, total_return=+0.0073, exits z/sl/open=2/2/21
  Fold 35 [2025-11]: slicing daily cache for formation 2024-11-01 .. 2025-10-31
  Fold 35 [2025-11]: daily formation: 525 tickers
  [v4-discovery] 525 formation tickers
  [v4-discovery] hard screens: 522 survivors
  [v4-discovery] fitting factor model (PCA on daily returns)...
  [v4-discovery] running pairwise Johansen on 522 tickers (135981 pairs)...
  [v4-discovery] pairwise tests done: 135981 candidates
WARNING FALLBACK CAP: kept top 500 by p-value
  Fold 35 [2025-11]: discovery: 52 pairs after beta>0 | cum_var=0.483
  Fold 35 [2025-11]: slicing daily cache for trading 2025-11-01 .. 2025-11-30
  Fold 35 [2025-11]: daily trading: 527 tickers
  Fold 35 [2025-11]: trading residual: 19 bars x 522 tickers
  Fold 35 [2025-11]: complete in 26.6s | n_trades=16, sharpe=-0.248, total_return=-0.0002, exits z/sl/open=3/0/13
  Fold 36 [2025-12]: slicing daily cache for formation 2024-12-01 .. 2025-11-30
  Fold 36 [2025-12]: daily formation: 527 tickers
  [v4-discovery] 527 formation tickers
  [v4-discovery] hard screens: 522 survivors
  [v4-discovery] fitting factor model (PCA on daily returns)...
  [v4-discovery] running pairwise Johansen on 522 tickers (135981 pairs)...
  [v4-discovery] pairwise tests done: 135981 candidates
WARNING FALLBACK CAP: kept top 500 by p-value
  Fold 36 [2025-12]: discovery: 1 pairs after beta>0 | cum_var=0.496
  Fold 36 [2025-12]: slicing daily cache for trading 2025-12-01 .. 2025-12-31
  Fold 36 [2025-12]: daily trading: 527 tickers
  Fold 36 [2025-12]: trading residual: 22 bars x 522 tickers
  Fold 36 [2025-12]: complete in 26.7s | n_trades=0, sharpe=+0.000, total_return=+0.0000, exits z/sl/open=0/0/0
  Fold 37 [2026-01]: slicing daily cache for formation 2025-01-01 .. 2025-12-31
  Fold 37 [2026-01]: daily formation: 527 tickers
  [v4-discovery] 527 formation tickers
  [v4-discovery] hard screens: 523 survivors
  [v4-discovery] fitting factor model (PCA on daily returns)...
  [v4-discovery] running pairwise Johansen on 523 tickers (136503 pairs)...
  [v4-discovery] pairwise tests done: 136503 candidates
WARNING FALLBACK CAP: kept top 500 by p-value
  Fold 37 [2026-01]: discovery: 103 pairs after beta>0 | cum_var=0.496
  Fold 37 [2026-01]: slicing daily cache for trading 2026-01-01 .. 2026-01-31
  Fold 37 [2026-01]: daily trading: 528 tickers
  Fold 37 [2026-01]: trading residual: 20 bars x 523 tickers
  Fold 37 [2026-01]: complete in 27.1s | n_trades=43, sharpe=-8.328, total_return=-0.0158, exits z/sl/open=6/6/31
  Fold 38 [2026-02]: slicing daily cache for formation 2025-02-01 .. 2026-01-31
  Fold 38 [2026-02]: daily formation: 528 tickers
  [v4-discovery] 528 formation tickers
  [v4-discovery] hard screens: 524 survivors
  [v4-discovery] fitting factor model (PCA on daily returns)...
  [v4-discovery] running pairwise Johansen on 524 tickers (137026 pairs)...
  [v4-discovery] pairwise tests done: 137026 candidates
WARNING FALLBACK CAP: kept top 500 by p-value
  Fold 38 [2026-02]: discovery: 94 pairs after beta>0 | cum_var=0.482
  Fold 38 [2026-02]: slicing daily cache for trading 2026-02-01 .. 2026-02-28
  Fold 38 [2026-02]: daily trading: 528 tickers
  Fold 38 [2026-02]: trading residual: 19 bars x 524 tickers
  Fold 38 [2026-02]: complete in 27.2s | n_trades=41, sharpe=-2.849, total_return=-0.0095, exits z/sl/open=6/3/33
  Fold 39 [2026-03]: slicing daily cache for formation 2025-03-01 .. 2026-02-28
  Fold 39 [2026-03]: daily formation: 528 tickers
  [v4-discovery] 528 formation tickers
  [v4-discovery] hard screens: 524 survivors
  [v4-discovery] fitting factor model (PCA on daily returns)...
  [v4-discovery] running pairwise Johansen on 524 tickers (137026 pairs)...
  [v4-discovery] pairwise tests done: 137026 candidates
WARNING FALLBACK CAP: kept top 500 by p-value
  Fold 39 [2026-03]: discovery: 59 pairs after beta>0 | cum_var=0.462
  Fold 39 [2026-03]: slicing daily cache for trading 2026-03-01 .. 2026-03-31
  Fold 39 [2026-03]: daily trading: 528 tickers
  Fold 39 [2026-03]: trading residual: 14 bars x 524 tickers
  Fold 39 [2026-03]: complete in 27.4s | n_trades=11, sharpe=-5.628, total_return=-0.0145, exits z/sl/open=0/1/10

Combo ez2.5_hl10 done in 1032s
  mean Sharpe (all 39)=-1.010, median=-0.752, winners=13/38
  train (1-30): mean Sharpe=-0.505, OOS (31-39): mean Sharpe=-2.906

============================================================
[8/9] Combo: entry_z=2.5, hl_max=15.0 -> ez2.5_hl15
============================================================
  Fold 01 [2023-01]: slicing daily cache for formation 2022-01-01 .. 2022-12-31
  Fold 01 [2023-01]: daily formation: 511 tickers
  [v4-discovery] 511 formation tickers
  [v4-discovery] hard screens: 506 survivors
  [v4-discovery] fitting factor model (PCA on daily returns)...
  [v4-discovery] running pairwise Johansen on 506 tickers (127765 pairs)...
  [v4-discovery] pairwise tests done: 127765 candidates
WARNING FALLBACK CAP: kept top 500 by p-value
  Fold 01 [2023-01]: discovery: 124 pairs after beta>0 | cum_var=0.623
  Fold 01 [2023-01]: slicing daily cache for trading 2023-01-01 .. 2023-01-31
  Fold 01 [2023-01]: daily trading: 512 tickers
  Fold 01 [2023-01]: trading residual: 20 bars x 506 tickers
  Fold 01 [2023-01]: complete in 25.7s | n_trades=20, sharpe=+0.633, total_return=+0.0012, exits z/sl/open=1/0/19
  Fold 02 [2023-02]: slicing daily cache for formation 2022-02-01 .. 2023-01-31
  Fold 02 [2023-02]: daily formation: 512 tickers
  [v4-discovery] 512 formation tickers
  [v4-discovery] hard screens: 506 survivors
  [v4-discovery] fitting factor model (PCA on daily returns)...
  [v4-discovery] running pairwise Johansen on 506 tickers (127765 pairs)...
  [v4-discovery] pairwise tests done: 127765 candidates
WARNING FALLBACK CAP: kept top 500 by p-value
  Fold 02 [2023-02]: discovery: 119 pairs after beta>0 | cum_var=0.614
  Fold 02 [2023-02]: slicing daily cache for trading 2023-02-01 .. 2023-02-28
  Fold 02 [2023-02]: daily trading: 512 tickers
  Fold 02 [2023-02]: trading residual: 19 bars x 506 tickers
  Fold 02 [2023-02]: complete in 26.1s | n_trades=25, sharpe=-1.042, total_return=-0.0012, exits z/sl/open=2/3/20
  Fold 03 [2023-03]: slicing daily cache for formation 2022-03-01 .. 2023-02-28
  Fold 03 [2023-03]: daily formation: 512 tickers
  [v4-discovery] 512 formation tickers
  [v4-discovery] hard screens: 506 survivors
  [v4-discovery] fitting factor model (PCA on daily returns)...
  [v4-discovery] running pairwise Johansen on 506 tickers (127765 pairs)...
  [v4-discovery] pairwise tests done: 127765 candidates
WARNING FALLBACK CAP: kept top 500 by p-value
  Fold 03 [2023-03]: discovery: 148 pairs after beta>0 | cum_var=0.615
  Fold 03 [2023-03]: slicing daily cache for trading 2023-03-01 .. 2023-03-31
  Fold 03 [2023-03]: daily trading: 512 tickers
  Fold 03 [2023-03]: trading residual: 23 bars x 506 tickers
  Fold 03 [2023-03]: complete in 25.7s | n_trades=62, sharpe=-4.295, total_return=-0.0295, exits z/sl/open=1/14/47
  Fold 04 [2023-04]: slicing daily cache for formation 2022-04-01 .. 2023-03-31
  Fold 04 [2023-04]: daily formation: 512 tickers
  [v4-discovery] 512 formation tickers
  [v4-discovery] hard screens: 507 survivors
  [v4-discovery] fitting factor model (PCA on daily returns)...
  [v4-discovery] running pairwise Johansen on 507 tickers (128271 pairs)...
  [v4-discovery] pairwise tests done: 128271 candidates
WARNING FALLBACK CAP: kept top 500 by p-value
  Fold 04 [2023-04]: discovery: 90 pairs after beta>0 | cum_var=0.616
  Fold 04 [2023-04]: slicing daily cache for trading 2023-04-01 .. 2023-04-30
  Fold 04 [2023-04]: daily trading: 512 tickers
  Fold 04 [2023-04]: trading residual: 19 bars x 507 tickers
  Fold 04 [2023-04]: complete in 26.0s | n_trades=9, sharpe=+4.560, total_return=+0.0035, exits z/sl/open=1/0/9
  Fold 05 [2023-05]: slicing daily cache for formation 2022-05-01 .. 2023-04-30
  Fold 05 [2023-05]: daily formation: 512 tickers
  [v4-discovery] 512 formation tickers
  [v4-discovery] hard screens: 508 survivors
  [v4-discovery] fitting factor model (PCA on daily returns)...
  [v4-discovery] running pairwise Johansen on 508 tickers (128778 pairs)...
  [v4-discovery] pairwise tests done: 128778 candidates
WARNING FALLBACK CAP: kept top 500 by p-value
  Fold 05 [2023-05]: discovery: 118 pairs after beta>0 | cum_var=0.612
  Fold 05 [2023-05]: slicing daily cache for trading 2023-05-01 .. 2023-05-31
  Fold 05 [2023-05]: daily trading: 514 tickers
  Fold 05 [2023-05]: trading residual: 22 bars x 508 tickers
  Fold 05 [2023-05]: complete in 25.7s | n_trades=8, sharpe=+3.516, total_return=+0.0086, exits z/sl/open=0/0/8
  Fold 06 [2023-06]: slicing daily cache for formation 2022-06-01 .. 2023-05-31
  Fold 06 [2023-06]: daily formation: 514 tickers
  [v4-discovery] 514 formation tickers
  [v4-discovery] hard screens: 510 survivors
  [v4-discovery] fitting factor model (PCA on daily returns)...
  [v4-discovery] running pairwise Johansen on 510 tickers (129795 pairs)...
  [v4-discovery] pairwise tests done: 129795 candidates
WARNING FALLBACK CAP: kept top 500 by p-value
  Fold 06 [2023-06]: discovery: 121 pairs after beta>0 | cum_var=0.596
  Fold 06 [2023-06]: slicing daily cache for trading 2023-06-01 .. 2023-06-30
  Fold 06 [2023-06]: daily trading: 514 tickers
  Fold 06 [2023-06]: trading residual: 21 bars x 510 tickers
  Fold 06 [2023-06]: complete in 26.1s | n_trades=24, sharpe=+1.566, total_return=+0.0028, exits z/sl/open=3/0/21
  Fold 07 [2023-07]: slicing daily cache for formation 2022-07-01 .. 2023-06-30
  Fold 07 [2023-07]: daily formation: 514 tickers
  [v4-discovery] 514 formation tickers
  [v4-discovery] hard screens: 510 survivors
  [v4-discovery] fitting factor model (PCA on daily returns)...
  [v4-discovery] running pairwise Johansen on 510 tickers (129795 pairs)...
  [v4-discovery] pairwise tests done: 129795 candidates
WARNING FALLBACK CAP: kept top 500 by p-value
  Fold 07 [2023-07]: discovery: 123 pairs after beta>0 | cum_var=0.595
  Fold 07 [2023-07]: slicing daily cache for trading 2023-07-01 .. 2023-07-31
  Fold 07 [2023-07]: daily trading: 514 tickers
  Fold 07 [2023-07]: trading residual: 20 bars x 509 tickers
  Fold 07 [2023-07]: complete in 26.0s | n_trades=18, sharpe=+0.709, total_return=+0.0015, exits z/sl/open=2/1/16
  Fold 08 [2023-08]: slicing daily cache for formation 2022-08-01 .. 2023-07-31
  Fold 08 [2023-08]: daily formation: 515 tickers
  [v4-discovery] 515 formation tickers
  [v4-discovery] hard screens: 509 survivors
  [v4-discovery] fitting factor model (PCA on daily returns)...
  [v4-discovery] running pairwise Johansen on 509 tickers (129286 pairs)...
  [v4-discovery] pairwise tests done: 129286 candidates
WARNING FALLBACK CAP: kept top 500 by p-value
  Fold 08 [2023-08]: discovery: 52 pairs after beta>0 | cum_var=0.491
  Fold 08 [2023-08]: slicing daily cache for trading 2023-08-01 .. 2023-08-31
  Fold 08 [2023-08]: daily trading: 515 tickers
  Fold 08 [2023-08]: trading residual: 23 bars x 509 tickers
  Fold 08 [2023-08]: complete in 25.8s | n_trades=3, sharpe=-4.568, total_return=-0.0050, exits z/sl/open=1/0/2
  Fold 09 [2023-09]: slicing daily cache for formation 2022-09-01 .. 2023-08-31
  Fold 09 [2023-09]: daily formation: 516 tickers
  [v4-discovery] 516 formation tickers
  [v4-discovery] hard screens: 509 survivors
  [v4-discovery] fitting factor model (PCA on daily returns)...
  [v4-discovery] running pairwise Johansen on 509 tickers (129286 pairs)...
  [v4-discovery] pairwise tests done: 129286 candidates
WARNING FALLBACK CAP: kept top 500 by p-value
  Fold 09 [2023-09]: discovery: 227 pairs after beta>0 | cum_var=0.489
  Fold 09 [2023-09]: slicing daily cache for trading 2023-09-01 .. 2023-09-30
  Fold 09 [2023-09]: daily trading: 516 tickers
  Fold 09 [2023-09]: trading residual: 20 bars x 509 tickers
  Fold 09 [2023-09]: complete in 26.0s | n_trades=15, sharpe=-3.103, total_return=-0.2010, exits z/sl/open=1/0/14
  Fold 10 [2023-10]: slicing daily cache for formation 2022-10-01 .. 2023-09-30
  Fold 10 [2023-10]: daily formation: 517 tickers
  [v4-discovery] 517 formation tickers
  [v4-discovery] hard screens: 509 survivors
  [v4-discovery] fitting factor model (PCA on daily returns)...
  [v4-discovery] running pairwise Johansen on 509 tickers (129286 pairs)...
  [v4-discovery] pairwise tests done: 129286 candidates
WARNING FALLBACK CAP: kept top 500 by p-value
  Fold 10 [2023-10]: discovery: 121 pairs after beta>0 | cum_var=0.480
  Fold 10 [2023-10]: slicing daily cache for trading 2023-10-01 .. 2023-10-31
  Fold 10 [2023-10]: daily trading: 517 tickers
  Fold 10 [2023-10]: trading residual: 22 bars x 509 tickers
  Fold 10 [2023-10]: complete in 26.5s | n_trades=17, sharpe=-0.502, total_return=-0.0189, exits z/sl/open=4/0/14
  Fold 11 [2023-11]: slicing daily cache for formation 2022-11-01 .. 2023-10-31
  Fold 11 [2023-11]: daily formation: 518 tickers
  [v4-discovery] 518 formation tickers
  [v4-discovery] hard screens: 510 survivors
  [v4-discovery] fitting factor model (PCA on daily returns)...
  [v4-discovery] running pairwise Johansen on 510 tickers (129795 pairs)...
  [v4-discovery] pairwise tests done: 129795 candidates
WARNING FALLBACK CAP: kept top 500 by p-value
  Fold 11 [2023-11]: discovery: 163 pairs after beta>0 | cum_var=0.468
  Fold 11 [2023-11]: slicing daily cache for trading 2023-11-01 .. 2023-11-30
  Fold 11 [2023-11]: daily trading: 517 tickers
  Fold 11 [2023-11]: trading residual: 21 bars x 510 tickers
  Fold 11 [2023-11]: complete in 27.1s | n_trades=23, sharpe=+3.646, total_return=+0.0109, exits z/sl/open=1/2/21
  Fold 12 [2023-12]: slicing daily cache for formation 2022-12-01 .. 2023-11-30
  Fold 12 [2023-12]: daily formation: 518 tickers
  [v4-discovery] 518 formation tickers
  [v4-discovery] hard screens: 511 survivors
  [v4-discovery] fitting factor model (PCA on daily returns)...
  [v4-discovery] running pairwise Johansen on 511 tickers (130305 pairs)...
  [v4-discovery] pairwise tests done: 130305 candidates
WARNING FALLBACK CAP: kept top 500 by p-value
  Fold 12 [2023-12]: discovery: 113 pairs after beta>0 | cum_var=0.422
  Fold 12 [2023-12]: slicing daily cache for trading 2023-12-01 .. 2023-12-31
  Fold 12 [2023-12]: daily trading: 517 tickers
  Fold 12 [2023-12]: trading residual: 20 bars x 511 tickers
  Fold 12 [2023-12]: complete in 26.4s | n_trades=27, sharpe=+4.333, total_return=+0.0062, exits z/sl/open=6/2/20
  Fold 13 [2024-01]: slicing daily cache for formation 2023-01-01 .. 2023-12-31
  Fold 13 [2024-01]: daily formation: 518 tickers
  [v4-discovery] 518 formation tickers
  [v4-discovery] hard screens: 511 survivors
  [v4-discovery] fitting factor model (PCA on daily returns)...
  [v4-discovery] running pairwise Johansen on 511 tickers (130305 pairs)...
  [v4-discovery] pairwise tests done: 130305 candidates
WARNING FALLBACK CAP: kept top 500 by p-value
  Fold 13 [2024-01]: discovery: 139 pairs after beta>0 | cum_var=0.423
  Fold 13 [2024-01]: slicing daily cache for trading 2024-01-01 .. 2024-01-31
  Fold 13 [2024-01]: daily trading: 517 tickers
  Fold 13 [2024-01]: trading residual: 21 bars x 511 tickers
  Fold 13 [2024-01]: complete in 26.4s | n_trades=48, sharpe=-4.248, total_return=-0.0273, exits z/sl/open=7/8/33
  Fold 14 [2024-02]: slicing daily cache for formation 2023-02-01 .. 2024-01-31
  Fold 14 [2024-02]: daily formation: 518 tickers
  [v4-discovery] 518 formation tickers
  [v4-discovery] hard screens: 511 survivors
  [v4-discovery] fitting factor model (PCA on daily returns)...
  [v4-discovery] running pairwise Johansen on 511 tickers (130305 pairs)...
  [v4-discovery] pairwise tests done: 130305 candidates
WARNING FALLBACK CAP: kept top 500 by p-value
  Fold 14 [2024-02]: discovery: 184 pairs after beta>0 | cum_var=0.411
  Fold 14 [2024-02]: slicing daily cache for trading 2024-02-01 .. 2024-02-29
  Fold 14 [2024-02]: daily trading: 517 tickers
  Fold 14 [2024-02]: trading residual: 20 bars x 511 tickers
  Fold 14 [2024-02]: complete in 26.2s | n_trades=28, sharpe=-0.854, total_return=-0.0031, exits z/sl/open=4/3/21
  Fold 15 [2024-03]: slicing daily cache for formation 2023-03-01 .. 2024-02-29
  Fold 15 [2024-03]: daily formation: 518 tickers
  [v4-discovery] 518 formation tickers
  [v4-discovery] hard screens: 511 survivors
  [v4-discovery] fitting factor model (PCA on daily returns)...
  [v4-discovery] running pairwise Johansen on 511 tickers (130305 pairs)...
  [v4-discovery] pairwise tests done: 130305 candidates
WARNING FALLBACK CAP: kept top 500 by p-value
  Fold 15 [2024-03]: discovery: 138 pairs after beta>0 | cum_var=0.399
  Fold 15 [2024-03]: slicing daily cache for trading 2024-03-01 .. 2024-03-31
  Fold 15 [2024-03]: daily trading: 518 tickers
  Fold 15 [2024-03]: trading residual: 19 bars x 511 tickers
  Fold 15 [2024-03]: complete in 26.2s | n_trades=20, sharpe=-0.592, total_return=-0.0014, exits z/sl/open=1/1/18
  Fold 16 [2024-04]: slicing daily cache for formation 2023-04-01 .. 2024-03-31
  Fold 16 [2024-04]: daily formation: 519 tickers
  [v4-discovery] 519 formation tickers
  [v4-discovery] hard screens: 512 survivors
  [v4-discovery] fitting factor model (PCA on daily returns)...
  [v4-discovery] running pairwise Johansen on 512 tickers (130816 pairs)...
  [v4-discovery] pairwise tests done: 130816 candidates
WARNING FALLBACK CAP: kept top 500 by p-value
  Fold 16 [2024-04]: discovery: 127 pairs after beta>0 | cum_var=0.372
  Fold 16 [2024-04]: slicing daily cache for trading 2024-04-01 .. 2024-04-30
  Fold 16 [2024-04]: daily trading: 520 tickers
  Fold 16 [2024-04]: trading residual: 22 bars x 512 tickers
  Fold 16 [2024-04]: complete in 26.0s | n_trades=29, sharpe=-1.734, total_return=-0.0083, exits z/sl/open=3/2/24
  Fold 17 [2024-05]: slicing daily cache for formation 2023-05-01 .. 2024-04-30
  Fold 17 [2024-05]: daily formation: 521 tickers
  [v4-discovery] 521 formation tickers
  [v4-discovery] hard screens: 513 survivors
  [v4-discovery] fitting factor model (PCA on daily returns)...
  [v4-discovery] running pairwise Johansen on 513 tickers (131328 pairs)...
  [v4-discovery] pairwise tests done: 131328 candidates
WARNING FALLBACK CAP: kept top 500 by p-value
  Fold 17 [2024-05]: discovery: 114 pairs after beta>0 | cum_var=0.366
  Fold 17 [2024-05]: slicing daily cache for trading 2024-05-01 .. 2024-05-31
  Fold 17 [2024-05]: daily trading: 520 tickers
  Fold 17 [2024-05]: trading residual: 22 bars x 513 tickers
  Fold 17 [2024-05]: complete in 26.6s | n_trades=45, sharpe=-3.089, total_return=-0.0122, exits z/sl/open=2/5/38
  Fold 18 [2024-06]: slicing daily cache for formation 2023-06-01 .. 2024-05-31
  Fold 18 [2024-06]: daily formation: 521 tickers
  [v4-discovery] 521 formation tickers
  [v4-discovery] hard screens: 514 survivors
  [v4-discovery] fitting factor model (PCA on daily returns)...
  [v4-discovery] running pairwise Johansen on 514 tickers (131841 pairs)...
  [v4-discovery] pairwise tests done: 131841 candidates
WARNING FALLBACK CAP: kept top 500 by p-value
  Fold 18 [2024-06]: discovery: 133 pairs after beta>0 | cum_var=0.356
  Fold 18 [2024-06]: slicing daily cache for trading 2024-06-01 .. 2024-06-30
  Fold 18 [2024-06]: daily trading: 520 tickers
  Fold 18 [2024-06]: trading residual: 19 bars x 514 tickers
  Fold 18 [2024-06]: complete in 26.2s | n_trades=27, sharpe=-3.757, total_return=-0.0106, exits z/sl/open=3/1/24
  Fold 19 [2024-07]: slicing daily cache for formation 2023-07-01 .. 2024-06-30
  Fold 19 [2024-07]: daily formation: 520 tickers
  [v4-discovery] 520 formation tickers
  [v4-discovery] hard screens: 514 survivors
  [v4-discovery] fitting factor model (PCA on daily returns)...
  [v4-discovery] running pairwise Johansen on 514 tickers (131841 pairs)...
  [v4-discovery] pairwise tests done: 131841 candidates
WARNING FALLBACK CAP: kept top 500 by p-value
  Fold 19 [2024-07]: discovery: 113 pairs after beta>0 | cum_var=0.514
  Fold 19 [2024-07]: slicing daily cache for trading 2024-07-01 .. 2024-07-31
  Fold 19 [2024-07]: daily trading: 521 tickers
  Fold 19 [2024-07]: trading residual: 22 bars x 514 tickers
  Fold 19 [2024-07]: complete in 26.4s | n_trades=42, sharpe=-3.347, total_return=-0.0073, exits z/sl/open=7/6/30
  Fold 20 [2024-08]: slicing daily cache for formation 2023-08-01 .. 2024-07-31
  Fold 20 [2024-08]: daily formation: 521 tickers
  [v4-discovery] 521 formation tickers
  [v4-discovery] hard screens: 515 survivors
  [v4-discovery] fitting factor model (PCA on daily returns)...
  [v4-discovery] running pairwise Johansen on 515 tickers (132355 pairs)...
  [v4-discovery] pairwise tests done: 132355 candidates
WARNING FALLBACK CAP: kept top 500 by p-value
  Fold 20 [2024-08]: discovery: 98 pairs after beta>0 | cum_var=0.536
  Fold 20 [2024-08]: slicing daily cache for trading 2024-08-01 .. 2024-08-31
  Fold 20 [2024-08]: daily trading: 521 tickers
  Fold 20 [2024-08]: trading residual: 22 bars x 515 tickers
  Fold 20 [2024-08]: complete in 26.9s | n_trades=32, sharpe=-2.552, total_return=-0.0207, exits z/sl/open=5/4/25
  Fold 21 [2024-09]: slicing daily cache for formation 2023-09-01 .. 2024-08-31
  Fold 21 [2024-09]: daily formation: 521 tickers
  [v4-discovery] 521 formation tickers
  [v4-discovery] hard screens: 517 survivors
  [v4-discovery] fitting factor model (PCA on daily returns)...
  [v4-discovery] running pairwise Johansen on 517 tickers (133386 pairs)...
  [v4-discovery] pairwise tests done: 133386 candidates
WARNING FALLBACK CAP: kept top 500 by p-value
  Fold 21 [2024-09]: discovery: 137 pairs after beta>0 | cum_var=0.537
  Fold 21 [2024-09]: slicing daily cache for trading 2024-09-01 .. 2024-09-30
  Fold 21 [2024-09]: daily trading: 521 tickers
  Fold 21 [2024-09]: trading residual: 20 bars x 517 tickers
  Fold 21 [2024-09]: complete in 27.1s | n_trades=30, sharpe=-1.945, total_return=-0.0044, exits z/sl/open=2/1/27
  Fold 22 [2024-10]: slicing daily cache for formation 2023-10-01 .. 2024-09-30
  Fold 22 [2024-10]: daily formation: 521 tickers
  [v4-discovery] 521 formation tickers
  [v4-discovery] hard screens: 517 survivors
  [v4-discovery] fitting factor model (PCA on daily returns)...
  [v4-discovery] running pairwise Johansen on 517 tickers (133386 pairs)...
  [v4-discovery] pairwise tests done: 133386 candidates
WARNING FALLBACK CAP: kept top 500 by p-value
  Fold 22 [2024-10]: discovery: 116 pairs after beta>0 | cum_var=0.501
  Fold 22 [2024-10]: slicing daily cache for trading 2024-10-01 .. 2024-10-31
  Fold 22 [2024-10]: daily trading: 522 tickers
  Fold 22 [2024-10]: trading residual: 23 bars x 517 tickers
  Fold 22 [2024-10]: complete in 26.7s | n_trades=47, sharpe=-5.306, total_return=-0.0097, exits z/sl/open=6/4/37
  Fold 23 [2024-11]: slicing daily cache for formation 2023-11-01 .. 2024-10-31
  Fold 23 [2024-11]: daily formation: 522 tickers
  [v4-discovery] 522 formation tickers
  [v4-discovery] hard screens: 517 survivors
  [v4-discovery] fitting factor model (PCA on daily returns)...
  [v4-discovery] running pairwise Johansen on 517 tickers (133386 pairs)...
  [v4-discovery] pairwise tests done: 133386 candidates
WARNING FALLBACK CAP: kept top 500 by p-value
  Fold 23 [2024-11]: discovery: 85 pairs after beta>0 | cum_var=0.475
  Fold 23 [2024-11]: slicing daily cache for trading 2024-11-01 .. 2024-11-30
  Fold 23 [2024-11]: daily trading: 522 tickers
  Fold 23 [2024-11]: trading residual: 20 bars x 517 tickers
  Fold 23 [2024-11]: complete in 26.6s | n_trades=28, sharpe=+3.568, total_return=+0.0114, exits z/sl/open=4/1/23
  Fold 24 [2024-12]: slicing daily cache for formation 2023-12-01 .. 2024-11-30
  Fold 24 [2024-12]: daily formation: 522 tickers
  [v4-discovery] 522 formation tickers
  [v4-discovery] hard screens: 517 survivors
  [v4-discovery] fitting factor model (PCA on daily returns)...
  [v4-discovery] running pairwise Johansen on 517 tickers (133386 pairs)...
  [v4-discovery] pairwise tests done: 133386 candidates
WARNING FALLBACK CAP: kept top 500 by p-value
  Fold 24 [2024-12]: discovery: 67 pairs after beta>0 | cum_var=0.466
  Fold 24 [2024-12]: slicing daily cache for trading 2024-12-01 .. 2024-12-31
  Fold 24 [2024-12]: daily trading: 522 tickers
  Fold 24 [2024-12]: trading residual: 21 bars x 517 tickers
  Fold 24 [2024-12]: complete in 26.5s | n_trades=15, sharpe=-1.177, total_return=-0.0030, exits z/sl/open=0/0/15
  Fold 25 [2025-01]: slicing daily cache for formation 2024-01-01 .. 2024-12-31
  Fold 25 [2025-01]: daily formation: 522 tickers
  [v4-discovery] 522 formation tickers
  [v4-discovery] hard screens: 517 survivors
  [v4-discovery] fitting factor model (PCA on daily returns)...
  [v4-discovery] running pairwise Johansen on 517 tickers (133386 pairs)...
  [v4-discovery] pairwise tests done: 133386 candidates
WARNING FALLBACK CAP: kept top 500 by p-value
  Fold 25 [2025-01]: discovery: 99 pairs after beta>0 | cum_var=0.440
  Fold 25 [2025-01]: slicing daily cache for trading 2025-01-01 .. 2025-01-31
  Fold 25 [2025-01]: daily trading: 523 tickers
  Fold 25 [2025-01]: trading residual: 20 bars x 517 tickers
  Fold 25 [2025-01]: complete in 26.9s | n_trades=48, sharpe=+2.784, total_return=+0.0075, exits z/sl/open=6/1/41
  Fold 26 [2025-02]: slicing daily cache for formation 2024-02-01 .. 2025-01-31
  Fold 26 [2025-02]: daily formation: 523 tickers
  [v4-discovery] 523 formation tickers
  [v4-discovery] hard screens: 517 survivors
  [v4-discovery] fitting factor model (PCA on daily returns)...
  [v4-discovery] running pairwise Johansen on 517 tickers (133386 pairs)...
  [v4-discovery] pairwise tests done: 133386 candidates
WARNING FALLBACK CAP: kept top 500 by p-value
  Fold 26 [2025-02]: discovery: 164 pairs after beta>0 | cum_var=0.435
  Fold 26 [2025-02]: slicing daily cache for trading 2025-02-01 .. 2025-02-28
  Fold 26 [2025-02]: daily trading: 524 tickers
  Fold 26 [2025-02]: trading residual: 19 bars x 517 tickers
  Fold 26 [2025-02]: complete in 26.4s | n_trades=41, sharpe=+7.855, total_return=+0.0141, exits z/sl/open=7/5/30
  Fold 27 [2025-03]: slicing daily cache for formation 2024-03-01 .. 2025-02-28
  Fold 27 [2025-03]: daily formation: 524 tickers
  [v4-discovery] 524 formation tickers
  [v4-discovery] hard screens: 520 survivors
  [v4-discovery] fitting factor model (PCA on daily returns)...
  [v4-discovery] running pairwise Johansen on 520 tickers (134940 pairs)...
  [v4-discovery] pairwise tests done: 134940 candidates
WARNING FALLBACK CAP: kept top 500 by p-value
  Fold 27 [2025-03]: discovery: 133 pairs after beta>0 | cum_var=0.458
  Fold 27 [2025-03]: slicing daily cache for trading 2025-03-01 .. 2025-03-31
  Fold 27 [2025-03]: daily trading: 524 tickers
  Fold 27 [2025-03]: trading residual: 21 bars x 520 tickers
  Fold 27 [2025-03]: complete in 27.0s | n_trades=22, sharpe=+1.691, total_return=+0.0021, exits z/sl/open=4/0/18
  Fold 28 [2025-04]: slicing daily cache for formation 2024-04-01 .. 2025-03-31
  Fold 28 [2025-04]: daily formation: 524 tickers
  [v4-discovery] 524 formation tickers
  [v4-discovery] hard screens: 520 survivors
  [v4-discovery] fitting factor model (PCA on daily returns)...
  [v4-discovery] running pairwise Johansen on 520 tickers (134940 pairs)...
  [v4-discovery] pairwise tests done: 134940 candidates
WARNING FALLBACK CAP: kept top 500 by p-value
  Fold 28 [2025-04]: discovery: 104 pairs after beta>0 | cum_var=0.455
  Fold 28 [2025-04]: slicing daily cache for trading 2025-04-01 .. 2025-04-30
  Fold 28 [2025-04]: daily trading: 524 tickers
  Fold 28 [2025-04]: trading residual: 21 bars x 520 tickers
  Fold 28 [2025-04]: complete in 27.0s | n_trades=28, sharpe=+2.417, total_return=+0.0104, exits z/sl/open=7/0/21
  Fold 29 [2025-05]: slicing daily cache for formation 2024-05-01 .. 2025-04-30
  Fold 29 [2025-05]: daily formation: 524 tickers
  [v4-discovery] 524 formation tickers
  [v4-discovery] hard screens: 520 survivors
  [v4-discovery] fitting factor model (PCA on daily returns)...
  [v4-discovery] running pairwise Johansen on 520 tickers (134940 pairs)...
  [v4-discovery] pairwise tests done: 134940 candidates
WARNING FALLBACK CAP: kept top 500 by p-value
  Fold 29 [2025-05]: discovery: 130 pairs after beta>0 | cum_var=0.502
  Fold 29 [2025-05]: slicing daily cache for trading 2025-05-01 .. 2025-05-31
  Fold 29 [2025-05]: daily trading: 524 tickers
  Fold 29 [2025-05]: trading residual: 21 bars x 520 tickers
  Fold 29 [2025-05]: complete in 26.7s | n_trades=14, sharpe=+2.311, total_return=+0.0041, exits z/sl/open=3/0/11
  Fold 30 [2025-06]: slicing daily cache for formation 2024-06-01 .. 2025-05-31
  Fold 30 [2025-06]: daily formation: 524 tickers
  [v4-discovery] 524 formation tickers
  [v4-discovery] hard screens: 521 survivors
  [v4-discovery] fitting factor model (PCA on daily returns)...
  [v4-discovery] running pairwise Johansen on 521 tickers (135460 pairs)...
  [v4-discovery] pairwise tests done: 135460 candidates
WARNING FALLBACK CAP: kept top 500 by p-value
  Fold 30 [2025-06]: discovery: 186 pairs after beta>0 | cum_var=0.501
  Fold 30 [2025-06]: slicing daily cache for trading 2025-06-01 .. 2025-06-30
  Fold 30 [2025-06]: daily trading: 524 tickers
  Fold 30 [2025-06]: trading residual: 20 bars x 521 tickers
  Fold 30 [2025-06]: complete in 27.4s | n_trades=18, sharpe=-3.690, total_return=-0.0026, exits z/sl/open=0/2/16
  Fold 31 [2025-07]: slicing daily cache for formation 2024-07-01 .. 2025-06-30
  Fold 31 [2025-07]: daily formation: 524 tickers
  [v4-discovery] 524 formation tickers
  [v4-discovery] hard screens: 521 survivors
  [v4-discovery] fitting factor model (PCA on daily returns)...
  [v4-discovery] running pairwise Johansen on 521 tickers (135460 pairs)...
  [v4-discovery] pairwise tests done: 135460 candidates
WARNING FALLBACK CAP: kept top 500 by p-value
  Fold 31 [2025-07]: discovery: 169 pairs after beta>0 | cum_var=0.483
  Fold 31 [2025-07]: slicing daily cache for trading 2025-07-01 .. 2025-07-31
  Fold 31 [2025-07]: daily trading: 524 tickers
  Fold 31 [2025-07]: trading residual: 22 bars x 521 tickers
  Fold 31 [2025-07]: complete in 27.0s | n_trades=36, sharpe=-0.108, total_return=-0.0002, exits z/sl/open=3/4/29
  Fold 32 [2025-08]: slicing daily cache for formation 2024-08-01 .. 2025-07-31
  Fold 32 [2025-08]: daily formation: 524 tickers
  [v4-discovery] 524 formation tickers
  [v4-discovery] hard screens: 521 survivors
  [v4-discovery] fitting factor model (PCA on daily returns)...
  [v4-discovery] running pairwise Johansen on 521 tickers (135460 pairs)...
  [v4-discovery] pairwise tests done: 135460 candidates
WARNING FALLBACK CAP: kept top 500 by p-value
  Fold 32 [2025-08]: discovery: 140 pairs after beta>0 | cum_var=0.489
  Fold 32 [2025-08]: slicing daily cache for trading 2025-08-01 .. 2025-08-31
  Fold 32 [2025-08]: daily trading: 525 tickers
  Fold 32 [2025-08]: trading residual: 21 bars x 521 tickers
  Fold 32 [2025-08]: complete in 27.0s | n_trades=38, sharpe=-10.210, total_return=-0.1454, exits z/sl/open=3/6/31
  Fold 33 [2025-09]: slicing daily cache for formation 2024-09-01 .. 2025-08-31
  Fold 33 [2025-09]: daily formation: 525 tickers
  [v4-discovery] 525 formation tickers
  [v4-discovery] hard screens: 522 survivors
  [v4-discovery] fitting factor model (PCA on daily returns)...
  [v4-discovery] running pairwise Johansen on 522 tickers (135981 pairs)...
  [v4-discovery] pairwise tests done: 135981 candidates
WARNING FALLBACK CAP: kept top 500 by p-value
  Fold 33 [2025-09]: discovery: 97 pairs after beta>0 | cum_var=0.503
  Fold 33 [2025-09]: slicing daily cache for trading 2025-09-01 .. 2025-09-30
  Fold 33 [2025-09]: daily trading: 525 tickers
  Fold 33 [2025-09]: trading residual: 21 bars x 522 tickers
  Fold 33 [2025-09]: complete in 27.2s | n_trades=15, sharpe=-3.354, total_return=-0.0023, exits z/sl/open=1/3/11
  Fold 34 [2025-10]: slicing daily cache for formation 2024-10-01 .. 2025-09-30
  Fold 34 [2025-10]: daily formation: 525 tickers
  [v4-discovery] 525 formation tickers
  [v4-discovery] hard screens: 522 survivors
  [v4-discovery] fitting factor model (PCA on daily returns)...
  [v4-discovery] running pairwise Johansen on 522 tickers (135981 pairs)...
  [v4-discovery] pairwise tests done: 135981 candidates
WARNING FALLBACK CAP: kept top 500 by p-value
  Fold 34 [2025-10]: discovery: 111 pairs after beta>0 | cum_var=0.488
  Fold 34 [2025-10]: slicing daily cache for trading 2025-10-01 .. 2025-10-31
  Fold 34 [2025-10]: daily trading: 525 tickers
  Fold 34 [2025-10]: trading residual: 23 bars x 522 tickers
  Fold 34 [2025-10]: complete in 27.3s | n_trades=32, sharpe=+0.588, total_return=+0.0036, exits z/sl/open=2/2/29
  Fold 35 [2025-11]: slicing daily cache for formation 2024-11-01 .. 2025-10-31
  Fold 35 [2025-11]: daily formation: 525 tickers
  [v4-discovery] 525 formation tickers
  [v4-discovery] hard screens: 522 survivors
  [v4-discovery] fitting factor model (PCA on daily returns)...
  [v4-discovery] running pairwise Johansen on 522 tickers (135981 pairs)...
  [v4-discovery] pairwise tests done: 135981 candidates
WARNING FALLBACK CAP: kept top 500 by p-value
  Fold 35 [2025-11]: discovery: 96 pairs after beta>0 | cum_var=0.483
  Fold 35 [2025-11]: slicing daily cache for trading 2025-11-01 .. 2025-11-30
  Fold 35 [2025-11]: daily trading: 527 tickers
  Fold 35 [2025-11]: trading residual: 19 bars x 522 tickers
  Fold 35 [2025-11]: complete in 26.7s | n_trades=24, sharpe=+4.477, total_return=+0.2462, exits z/sl/open=3/0/21
  Fold 36 [2025-12]: slicing daily cache for formation 2024-12-01 .. 2025-11-30
  Fold 36 [2025-12]: daily formation: 527 tickers
  [v4-discovery] 527 formation tickers
  [v4-discovery] hard screens: 522 survivors
  [v4-discovery] fitting factor model (PCA on daily returns)...
  [v4-discovery] running pairwise Johansen on 522 tickers (135981 pairs)...
  [v4-discovery] pairwise tests done: 135981 candidates
WARNING FALLBACK CAP: kept top 500 by p-value
  Fold 36 [2025-12]: discovery: 1 pairs after beta>0 | cum_var=0.496
  Fold 36 [2025-12]: slicing daily cache for trading 2025-12-01 .. 2025-12-31
  Fold 36 [2025-12]: daily trading: 527 tickers
  Fold 36 [2025-12]: trading residual: 22 bars x 522 tickers
  Fold 36 [2025-12]: complete in 26.8s | n_trades=0, sharpe=+0.000, total_return=+0.0000, exits z/sl/open=0/0/0
  Fold 37 [2026-01]: slicing daily cache for formation 2025-01-01 .. 2025-12-31
  Fold 37 [2026-01]: daily formation: 527 tickers
  [v4-discovery] 527 formation tickers
  [v4-discovery] hard screens: 523 survivors
  [v4-discovery] fitting factor model (PCA on daily returns)...
  [v4-discovery] running pairwise Johansen on 523 tickers (136503 pairs)...
  [v4-discovery] pairwise tests done: 136503 candidates
WARNING FALLBACK CAP: kept top 500 by p-value
  Fold 37 [2026-01]: discovery: 189 pairs after beta>0 | cum_var=0.496
  Fold 37 [2026-01]: slicing daily cache for trading 2026-01-01 .. 2026-01-31
  Fold 37 [2026-01]: daily trading: 528 tickers
  Fold 37 [2026-01]: trading residual: 20 bars x 523 tickers
  Fold 37 [2026-01]: complete in 27.4s | n_trades=56, sharpe=-7.539, total_return=-0.0348, exits z/sl/open=5/9/42
  Fold 38 [2026-02]: slicing daily cache for formation 2025-02-01 .. 2026-01-31
  Fold 38 [2026-02]: daily formation: 528 tickers
  [v4-discovery] 528 formation tickers
  [v4-discovery] hard screens: 524 survivors
  [v4-discovery] fitting factor model (PCA on daily returns)...
  [v4-discovery] running pairwise Johansen on 524 tickers (137026 pairs)...
  [v4-discovery] pairwise tests done: 137026 candidates
WARNING FALLBACK CAP: kept top 500 by p-value
  Fold 38 [2026-02]: discovery: 139 pairs after beta>0 | cum_var=0.482
  Fold 38 [2026-02]: slicing daily cache for trading 2026-02-01 .. 2026-02-28
  Fold 38 [2026-02]: daily trading: 528 tickers
  Fold 38 [2026-02]: trading residual: 19 bars x 524 tickers
  Fold 38 [2026-02]: complete in 27.4s | n_trades=57, sharpe=-1.765, total_return=-0.0075, exits z/sl/open=9/7/42
  Fold 39 [2026-03]: slicing daily cache for formation 2025-03-01 .. 2026-02-28
  Fold 39 [2026-03]: daily formation: 528 tickers
  [v4-discovery] 528 formation tickers
  [v4-discovery] hard screens: 524 survivors
  [v4-discovery] fitting factor model (PCA on daily returns)...
  [v4-discovery] running pairwise Johansen on 524 tickers (137026 pairs)...
  [v4-discovery] pairwise tests done: 137026 candidates
WARNING FALLBACK CAP: kept top 500 by p-value
  Fold 39 [2026-03]: discovery: 96 pairs after beta>0 | cum_var=0.462
  Fold 39 [2026-03]: slicing daily cache for trading 2026-03-01 .. 2026-03-31
  Fold 39 [2026-03]: daily trading: 528 tickers
  Fold 39 [2026-03]: trading residual: 14 bars x 524 tickers
  Fold 39 [2026-03]: complete in 27.1s | n_trades=11, sharpe=-3.718, total_return=-0.0085, exits z/sl/open=0/0/11

Combo ez2.5_hl15 done in 1036s
  mean Sharpe (all 39)=-0.733, median=-0.948, winners=15/38
  train (1-30): mean Sharpe=-0.207, OOS (31-39): mean Sharpe=-2.704

============================================================
[9/9] Combo: entry_z=2.5, hl_max=30.0 -> ez2.5_hl30
============================================================
  Fold 01 [2023-01]: slicing daily cache for formation 2022-01-01 .. 2022-12-31
  Fold 01 [2023-01]: daily formation: 511 tickers
  [v4-discovery] 511 formation tickers
  [v4-discovery] hard screens: 506 survivors
  [v4-discovery] fitting factor model (PCA on daily returns)...
  [v4-discovery] running pairwise Johansen on 506 tickers (127765 pairs)...
  [v4-discovery] pairwise tests done: 127765 candidates
WARNING FALLBACK CAP: kept top 500 by p-value
  Fold 01 [2023-01]: discovery: 189 pairs after beta>0 | cum_var=0.623
  Fold 01 [2023-01]: slicing daily cache for trading 2023-01-01 .. 2023-01-31
  Fold 01 [2023-01]: daily trading: 512 tickers
  Fold 01 [2023-01]: trading residual: 20 bars x 506 tickers
  Fold 01 [2023-01]: complete in 26.0s | n_trades=32, sharpe=+2.543, total_return=+0.0069, exits z/sl/open=2/1/29
  Fold 02 [2023-02]: slicing daily cache for formation 2022-02-01 .. 2023-01-31
  Fold 02 [2023-02]: daily formation: 512 tickers
  [v4-discovery] 512 formation tickers
  [v4-discovery] hard screens: 506 survivors
  [v4-discovery] fitting factor model (PCA on daily returns)...
  [v4-discovery] running pairwise Johansen on 506 tickers (127765 pairs)...
  [v4-discovery] pairwise tests done: 127765 candidates
WARNING FALLBACK CAP: kept top 500 by p-value
  Fold 02 [2023-02]: discovery: 190 pairs after beta>0 | cum_var=0.614
  Fold 02 [2023-02]: slicing daily cache for trading 2023-02-01 .. 2023-02-28
  Fold 02 [2023-02]: daily trading: 512 tickers
  Fold 02 [2023-02]: trading residual: 19 bars x 506 tickers
  Fold 02 [2023-02]: complete in 25.8s | n_trades=37, sharpe=+2.422, total_return=+0.0049, exits z/sl/open=4/3/30
  Fold 03 [2023-03]: slicing daily cache for formation 2022-03-01 .. 2023-02-28
  Fold 03 [2023-03]: daily formation: 512 tickers
  [v4-discovery] 512 formation tickers
  [v4-discovery] hard screens: 506 survivors
  [v4-discovery] fitting factor model (PCA on daily returns)...
  [v4-discovery] running pairwise Johansen on 506 tickers (127765 pairs)...
  [v4-discovery] pairwise tests done: 127765 candidates
WARNING FALLBACK CAP: kept top 500 by p-value
  Fold 03 [2023-03]: discovery: 212 pairs after beta>0 | cum_var=0.615
  Fold 03 [2023-03]: slicing daily cache for trading 2023-03-01 .. 2023-03-31
  Fold 03 [2023-03]: daily trading: 512 tickers
  Fold 03 [2023-03]: trading residual: 23 bars x 506 tickers
  Fold 03 [2023-03]: complete in 25.7s | n_trades=80, sharpe=-3.508, total_return=-0.0278, exits z/sl/open=2/16/62
  Fold 04 [2023-04]: slicing daily cache for formation 2022-04-01 .. 2023-03-31
  Fold 04 [2023-04]: daily formation: 512 tickers
  [v4-discovery] 512 formation tickers
  [v4-discovery] hard screens: 507 survivors
  [v4-discovery] fitting factor model (PCA on daily returns)...
  [v4-discovery] running pairwise Johansen on 507 tickers (128271 pairs)...
  [v4-discovery] pairwise tests done: 128271 candidates
WARNING FALLBACK CAP: kept top 500 by p-value
  Fold 04 [2023-04]: discovery: 159 pairs after beta>0 | cum_var=0.616
  Fold 04 [2023-04]: slicing daily cache for trading 2023-04-01 .. 2023-04-30
  Fold 04 [2023-04]: daily trading: 512 tickers
  Fold 04 [2023-04]: trading residual: 19 bars x 507 tickers
  Fold 04 [2023-04]: complete in 26.1s | n_trades=17, sharpe=+1.260, total_return=+0.0018, exits z/sl/open=3/0/15
  Fold 05 [2023-05]: slicing daily cache for formation 2022-05-01 .. 2023-04-30
  Fold 05 [2023-05]: daily formation: 512 tickers
  [v4-discovery] 512 formation tickers
  [v4-discovery] hard screens: 508 survivors
  [v4-discovery] fitting factor model (PCA on daily returns)...
  [v4-discovery] running pairwise Johansen on 508 tickers (128778 pairs)...
  [v4-discovery] pairwise tests done: 128778 candidates
WARNING FALLBACK CAP: kept top 500 by p-value
  Fold 05 [2023-05]: discovery: 160 pairs after beta>0 | cum_var=0.612
  Fold 05 [2023-05]: slicing daily cache for trading 2023-05-01 .. 2023-05-31
  Fold 05 [2023-05]: daily trading: 514 tickers
  Fold 05 [2023-05]: trading residual: 22 bars x 508 tickers
  Fold 05 [2023-05]: complete in 25.8s | n_trades=11, sharpe=+4.940, total_return=+0.0135, exits z/sl/open=1/0/10
  Fold 06 [2023-06]: slicing daily cache for formation 2022-06-01 .. 2023-05-31
  Fold 06 [2023-06]: daily formation: 514 tickers
  [v4-discovery] 514 formation tickers
  [v4-discovery] hard screens: 510 survivors
  [v4-discovery] fitting factor model (PCA on daily returns)...
  [v4-discovery] running pairwise Johansen on 510 tickers (129795 pairs)...
  [v4-discovery] pairwise tests done: 129795 candidates
WARNING FALLBACK CAP: kept top 500 by p-value
  Fold 06 [2023-06]: discovery: 193 pairs after beta>0 | cum_var=0.596
  Fold 06 [2023-06]: slicing daily cache for trading 2023-06-01 .. 2023-06-30
  Fold 06 [2023-06]: daily trading: 514 tickers
  Fold 06 [2023-06]: trading residual: 21 bars x 510 tickers
  Fold 06 [2023-06]: complete in 26.5s | n_trades=29, sharpe=+1.257, total_return=+0.0033, exits z/sl/open=3/0/26
  Fold 07 [2023-07]: slicing daily cache for formation 2022-07-01 .. 2023-06-30
  Fold 07 [2023-07]: daily formation: 514 tickers
  [v4-discovery] 514 formation tickers
  [v4-discovery] hard screens: 510 survivors
  [v4-discovery] fitting factor model (PCA on daily returns)...
  [v4-discovery] running pairwise Johansen on 510 tickers (129795 pairs)...
  [v4-discovery] pairwise tests done: 129795 candidates
WARNING FALLBACK CAP: kept top 500 by p-value
  Fold 07 [2023-07]: discovery: 192 pairs after beta>0 | cum_var=0.595
  Fold 07 [2023-07]: slicing daily cache for trading 2023-07-01 .. 2023-07-31
  Fold 07 [2023-07]: daily trading: 514 tickers
  Fold 07 [2023-07]: trading residual: 20 bars x 509 tickers
  Fold 07 [2023-07]: complete in 26.4s | n_trades=21, sharpe=+1.519, total_return=+0.0030, exits z/sl/open=2/2/17
  Fold 08 [2023-08]: slicing daily cache for formation 2022-08-01 .. 2023-07-31
  Fold 08 [2023-08]: daily formation: 515 tickers
  [v4-discovery] 515 formation tickers
  [v4-discovery] hard screens: 509 survivors
  [v4-discovery] fitting factor model (PCA on daily returns)...
  [v4-discovery] running pairwise Johansen on 509 tickers (129286 pairs)...
  [v4-discovery] pairwise tests done: 129286 candidates
WARNING FALLBACK CAP: kept top 500 by p-value
  Fold 08 [2023-08]: discovery: 91 pairs after beta>0 | cum_var=0.491
  Fold 08 [2023-08]: slicing daily cache for trading 2023-08-01 .. 2023-08-31
  Fold 08 [2023-08]: daily trading: 515 tickers
  Fold 08 [2023-08]: trading residual: 23 bars x 509 tickers
  Fold 08 [2023-08]: complete in 25.9s | n_trades=3, sharpe=-3.651, total_return=-0.0510, exits z/sl/open=1/0/2
  Fold 09 [2023-09]: slicing daily cache for formation 2022-09-01 .. 2023-08-31
  Fold 09 [2023-09]: daily formation: 516 tickers
  [v4-discovery] 516 formation tickers
  [v4-discovery] hard screens: 509 survivors
  [v4-discovery] fitting factor model (PCA on daily returns)...
  [v4-discovery] running pairwise Johansen on 509 tickers (129286 pairs)...
  [v4-discovery] pairwise tests done: 129286 candidates
WARNING FALLBACK CAP: kept top 500 by p-value
  Fold 09 [2023-09]: discovery: 244 pairs after beta>0 | cum_var=0.489
  Fold 09 [2023-09]: slicing daily cache for trading 2023-09-01 .. 2023-09-30
  Fold 09 [2023-09]: daily trading: 516 tickers
  Fold 09 [2023-09]: trading residual: 20 bars x 509 tickers
  Fold 09 [2023-09]: complete in 26.1s | n_trades=19, sharpe=-3.104, total_return=-0.2006, exits z/sl/open=2/0/17
  Fold 10 [2023-10]: slicing daily cache for formation 2022-10-01 .. 2023-09-30
  Fold 10 [2023-10]: daily formation: 517 tickers
  [v4-discovery] 517 formation tickers
  [v4-discovery] hard screens: 509 survivors
  [v4-discovery] fitting factor model (PCA on daily returns)...
  [v4-discovery] running pairwise Johansen on 509 tickers (129286 pairs)...
  [v4-discovery] pairwise tests done: 129286 candidates
WARNING FALLBACK CAP: kept top 500 by p-value
  Fold 10 [2023-10]: discovery: 211 pairs after beta>0 | cum_var=0.480
  Fold 10 [2023-10]: slicing daily cache for trading 2023-10-01 .. 2023-10-31
  Fold 10 [2023-10]: daily trading: 517 tickers
  Fold 10 [2023-10]: trading residual: 22 bars x 509 tickers
  Fold 10 [2023-10]: complete in 26.2s | n_trades=27, sharpe=-0.377, total_return=-0.0142, exits z/sl/open=7/1/20
  Fold 11 [2023-11]: slicing daily cache for formation 2022-11-01 .. 2023-10-31
  Fold 11 [2023-11]: daily formation: 518 tickers
  [v4-discovery] 518 formation tickers
  [v4-discovery] hard screens: 510 survivors
  [v4-discovery] fitting factor model (PCA on daily returns)...
  [v4-discovery] running pairwise Johansen on 510 tickers (129795 pairs)...
  [v4-discovery] pairwise tests done: 129795 candidates
WARNING FALLBACK CAP: kept top 500 by p-value
  Fold 11 [2023-11]: discovery: 205 pairs after beta>0 | cum_var=0.468
  Fold 11 [2023-11]: slicing daily cache for trading 2023-11-01 .. 2023-11-30
  Fold 11 [2023-11]: daily trading: 517 tickers
  Fold 11 [2023-11]: trading residual: 21 bars x 510 tickers
  Fold 11 [2023-11]: complete in 26.3s | n_trades=32, sharpe=+2.143, total_return=+0.0069, exits z/sl/open=2/2/29
  Fold 12 [2023-12]: slicing daily cache for formation 2022-12-01 .. 2023-11-30
  Fold 12 [2023-12]: daily formation: 518 tickers
  [v4-discovery] 518 formation tickers
  [v4-discovery] hard screens: 511 survivors
  [v4-discovery] fitting factor model (PCA on daily returns)...
  [v4-discovery] running pairwise Johansen on 511 tickers (130305 pairs)...
  [v4-discovery] pairwise tests done: 130305 candidates
WARNING FALLBACK CAP: kept top 500 by p-value
  Fold 12 [2023-12]: discovery: 198 pairs after beta>0 | cum_var=0.422
  Fold 12 [2023-12]: slicing daily cache for trading 2023-12-01 .. 2023-12-31
  Fold 12 [2023-12]: daily trading: 517 tickers
  Fold 12 [2023-12]: trading residual: 20 bars x 511 tickers
  Fold 12 [2023-12]: complete in 26.2s | n_trades=36, sharpe=-1.448, total_return=-0.0029, exits z/sl/open=6/3/27
  Fold 13 [2024-01]: slicing daily cache for formation 2023-01-01 .. 2023-12-31
  Fold 13 [2024-01]: daily formation: 518 tickers
  [v4-discovery] 518 formation tickers
  [v4-discovery] hard screens: 511 survivors
  [v4-discovery] fitting factor model (PCA on daily returns)...
  [v4-discovery] running pairwise Johansen on 511 tickers (130305 pairs)...
  [v4-discovery] pairwise tests done: 130305 candidates
WARNING FALLBACK CAP: kept top 500 by p-value
  Fold 13 [2024-01]: discovery: 203 pairs after beta>0 | cum_var=0.423
  Fold 13 [2024-01]: slicing daily cache for trading 2024-01-01 .. 2024-01-31
  Fold 13 [2024-01]: daily trading: 517 tickers
  Fold 13 [2024-01]: trading residual: 21 bars x 511 tickers
  Fold 13 [2024-01]: complete in 26.3s | n_trades=56, sharpe=-4.796, total_return=-0.0313, exits z/sl/open=7/10/40
  Fold 14 [2024-02]: slicing daily cache for formation 2023-02-01 .. 2024-01-31
  Fold 14 [2024-02]: daily formation: 518 tickers
  [v4-discovery] 518 formation tickers
  [v4-discovery] hard screens: 511 survivors
  [v4-discovery] fitting factor model (PCA on daily returns)...
  [v4-discovery] running pairwise Johansen on 511 tickers (130305 pairs)...
  [v4-discovery] pairwise tests done: 130305 candidates
WARNING FALLBACK CAP: kept top 500 by p-value
  Fold 14 [2024-02]: discovery: 222 pairs after beta>0 | cum_var=0.411
  Fold 14 [2024-02]: slicing daily cache for trading 2024-02-01 .. 2024-02-29
  Fold 14 [2024-02]: daily trading: 517 tickers
  Fold 14 [2024-02]: trading residual: 20 bars x 511 tickers
  Fold 14 [2024-02]: complete in 26.0s | n_trades=41, sharpe=-1.762, total_return=-0.0069, exits z/sl/open=6/5/30
  Fold 15 [2024-03]: slicing daily cache for formation 2023-03-01 .. 2024-02-29
  Fold 15 [2024-03]: daily formation: 518 tickers
  [v4-discovery] 518 formation tickers
  [v4-discovery] hard screens: 511 survivors
  [v4-discovery] fitting factor model (PCA on daily returns)...
  [v4-discovery] running pairwise Johansen on 511 tickers (130305 pairs)...
  [v4-discovery] pairwise tests done: 130305 candidates
WARNING FALLBACK CAP: kept top 500 by p-value
  Fold 15 [2024-03]: discovery: 194 pairs after beta>0 | cum_var=0.399
  Fold 15 [2024-03]: slicing daily cache for trading 2024-03-01 .. 2024-03-31
  Fold 15 [2024-03]: daily trading: 518 tickers
  Fold 15 [2024-03]: trading residual: 19 bars x 511 tickers
  Fold 15 [2024-03]: complete in 26.2s | n_trades=29, sharpe=-2.458, total_return=-0.0058, exits z/sl/open=1/1/27
  Fold 16 [2024-04]: slicing daily cache for formation 2023-04-01 .. 2024-03-31
  Fold 16 [2024-04]: daily formation: 519 tickers
  [v4-discovery] 519 formation tickers
  [v4-discovery] hard screens: 512 survivors
  [v4-discovery] fitting factor model (PCA on daily returns)...
  [v4-discovery] running pairwise Johansen on 512 tickers (130816 pairs)...
  [v4-discovery] pairwise tests done: 130816 candidates
WARNING FALLBACK CAP: kept top 500 by p-value
  Fold 16 [2024-04]: discovery: 172 pairs after beta>0 | cum_var=0.372
  Fold 16 [2024-04]: slicing daily cache for trading 2024-04-01 .. 2024-04-30
  Fold 16 [2024-04]: daily trading: 520 tickers
  Fold 16 [2024-04]: trading residual: 22 bars x 512 tickers
  Fold 16 [2024-04]: complete in 26.3s | n_trades=38, sharpe=-1.432, total_return=-0.0057, exits z/sl/open=3/3/32
  Fold 17 [2024-05]: slicing daily cache for formation 2023-05-01 .. 2024-04-30
  Fold 17 [2024-05]: daily formation: 521 tickers
  [v4-discovery] 521 formation tickers
  [v4-discovery] hard screens: 513 survivors
  [v4-discovery] fitting factor model (PCA on daily returns)...
  [v4-discovery] running pairwise Johansen on 513 tickers (131328 pairs)...
  [v4-discovery] pairwise tests done: 131328 candidates
WARNING FALLBACK CAP: kept top 500 by p-value
  Fold 17 [2024-05]: discovery: 162 pairs after beta>0 | cum_var=0.366
  Fold 17 [2024-05]: slicing daily cache for trading 2024-05-01 .. 2024-05-31
  Fold 17 [2024-05]: daily trading: 520 tickers
  Fold 17 [2024-05]: trading residual: 22 bars x 513 tickers
  Fold 17 [2024-05]: complete in 27.0s | n_trades=57, sharpe=+0.409, total_return=+0.0029, exits z/sl/open=2/5/50
  Fold 18 [2024-06]: slicing daily cache for formation 2023-06-01 .. 2024-05-31
  Fold 18 [2024-06]: daily formation: 521 tickers
  [v4-discovery] 521 formation tickers
  [v4-discovery] hard screens: 514 survivors
  [v4-discovery] fitting factor model (PCA on daily returns)...
  [v4-discovery] running pairwise Johansen on 514 tickers (131841 pairs)...
  [v4-discovery] pairwise tests done: 131841 candidates
WARNING FALLBACK CAP: kept top 500 by p-value
  Fold 18 [2024-06]: discovery: 209 pairs after beta>0 | cum_var=0.356
  Fold 18 [2024-06]: slicing daily cache for trading 2024-06-01 .. 2024-06-30
  Fold 18 [2024-06]: daily trading: 520 tickers
  Fold 18 [2024-06]: trading residual: 19 bars x 514 tickers
  Fold 18 [2024-06]: complete in 26.9s | n_trades=33, sharpe=-1.677, total_return=-0.0087, exits z/sl/open=3/1/29
  Fold 19 [2024-07]: slicing daily cache for formation 2023-07-01 .. 2024-06-30
  Fold 19 [2024-07]: daily formation: 520 tickers
  [v4-discovery] 520 formation tickers
  [v4-discovery] hard screens: 514 survivors
  [v4-discovery] fitting factor model (PCA on daily returns)...
  [v4-discovery] running pairwise Johansen on 514 tickers (131841 pairs)...
  [v4-discovery] pairwise tests done: 131841 candidates
WARNING FALLBACK CAP: kept top 500 by p-value
  Fold 19 [2024-07]: discovery: 201 pairs after beta>0 | cum_var=0.514
  Fold 19 [2024-07]: slicing daily cache for trading 2024-07-01 .. 2024-07-31
  Fold 19 [2024-07]: daily trading: 521 tickers
  Fold 19 [2024-07]: trading residual: 22 bars x 514 tickers
  Fold 19 [2024-07]: complete in 26.7s | n_trades=57, sharpe=-4.400, total_return=-0.0123, exits z/sl/open=8/8/43
  Fold 20 [2024-08]: slicing daily cache for formation 2023-08-01 .. 2024-07-31
  Fold 20 [2024-08]: daily formation: 521 tickers
  [v4-discovery] 521 formation tickers
  [v4-discovery] hard screens: 515 survivors
  [v4-discovery] fitting factor model (PCA on daily returns)...
  [v4-discovery] running pairwise Johansen on 515 tickers (132355 pairs)...
  [v4-discovery] pairwise tests done: 132355 candidates
WARNING FALLBACK CAP: kept top 500 by p-value
  Fold 20 [2024-08]: discovery: 177 pairs after beta>0 | cum_var=0.536
  Fold 20 [2024-08]: slicing daily cache for trading 2024-08-01 .. 2024-08-31
  Fold 20 [2024-08]: daily trading: 521 tickers
  Fold 20 [2024-08]: trading residual: 22 bars x 515 tickers
  Fold 20 [2024-08]: complete in 26.8s | n_trades=59, sharpe=+3.943, total_return=+0.0342, exits z/sl/open=8/6/47
  Fold 21 [2024-09]: slicing daily cache for formation 2023-09-01 .. 2024-08-31
  Fold 21 [2024-09]: daily formation: 521 tickers
  [v4-discovery] 521 formation tickers
  [v4-discovery] hard screens: 517 survivors
  [v4-discovery] fitting factor model (PCA on daily returns)...
  [v4-discovery] running pairwise Johansen on 517 tickers (133386 pairs)...
  [v4-discovery] pairwise tests done: 133386 candidates
WARNING FALLBACK CAP: kept top 500 by p-value
  Fold 21 [2024-09]: discovery: 211 pairs after beta>0 | cum_var=0.537
  Fold 21 [2024-09]: slicing daily cache for trading 2024-09-01 .. 2024-09-30
  Fold 21 [2024-09]: daily trading: 521 tickers
  Fold 21 [2024-09]: trading residual: 20 bars x 517 tickers
  Fold 21 [2024-09]: complete in 27.0s | n_trades=45, sharpe=-1.074, total_return=-0.0530, exits z/sl/open=6/3/37
  Fold 22 [2024-10]: slicing daily cache for formation 2023-10-01 .. 2024-09-30
  Fold 22 [2024-10]: daily formation: 521 tickers
  [v4-discovery] 521 formation tickers
  [v4-discovery] hard screens: 517 survivors
  [v4-discovery] fitting factor model (PCA on daily returns)...
  [v4-discovery] running pairwise Johansen on 517 tickers (133386 pairs)...
  [v4-discovery] pairwise tests done: 133386 candidates
WARNING FALLBACK CAP: kept top 500 by p-value
  Fold 22 [2024-10]: discovery: 212 pairs after beta>0 | cum_var=0.501
  Fold 22 [2024-10]: slicing daily cache for trading 2024-10-01 .. 2024-10-31
  Fold 22 [2024-10]: daily trading: 522 tickers
  Fold 22 [2024-10]: trading residual: 23 bars x 517 tickers
  Fold 22 [2024-10]: complete in 27.6s | n_trades=71, sharpe=-3.754, total_return=-0.0128, exits z/sl/open=7/5/60
  Fold 23 [2024-11]: slicing daily cache for formation 2023-11-01 .. 2024-10-31
  Fold 23 [2024-11]: daily formation: 522 tickers
  [v4-discovery] 522 formation tickers
  [v4-discovery] hard screens: 517 survivors
  [v4-discovery] fitting factor model (PCA on daily returns)...
  [v4-discovery] running pairwise Johansen on 517 tickers (133386 pairs)...
  [v4-discovery] pairwise tests done: 133386 candidates
WARNING FALLBACK CAP: kept top 500 by p-value
  Fold 23 [2024-11]: discovery: 150 pairs after beta>0 | cum_var=0.475
  Fold 23 [2024-11]: slicing daily cache for trading 2024-11-01 .. 2024-11-30
  Fold 23 [2024-11]: daily trading: 522 tickers
  Fold 23 [2024-11]: trading residual: 20 bars x 517 tickers
  Fold 23 [2024-11]: complete in 26.8s | n_trades=42, sharpe=+3.153, total_return=+0.0144, exits z/sl/open=6/3/33
  Fold 24 [2024-12]: slicing daily cache for formation 2023-12-01 .. 2024-11-30
  Fold 24 [2024-12]: daily formation: 522 tickers
  [v4-discovery] 522 formation tickers
  [v4-discovery] hard screens: 517 survivors
  [v4-discovery] fitting factor model (PCA on daily returns)...
  [v4-discovery] running pairwise Johansen on 517 tickers (133386 pairs)...
  [v4-discovery] pairwise tests done: 133386 candidates
WARNING FALLBACK CAP: kept top 500 by p-value
  Fold 24 [2024-12]: discovery: 126 pairs after beta>0 | cum_var=0.466
  Fold 24 [2024-12]: slicing daily cache for trading 2024-12-01 .. 2024-12-31
  Fold 24 [2024-12]: daily trading: 522 tickers
  Fold 24 [2024-12]: trading residual: 21 bars x 517 tickers
  Fold 24 [2024-12]: complete in 26.9s | n_trades=30, sharpe=+0.830, total_return=+0.0031, exits z/sl/open=1/2/27
  Fold 25 [2025-01]: slicing daily cache for formation 2024-01-01 .. 2024-12-31
  Fold 25 [2025-01]: daily formation: 522 tickers
  [v4-discovery] 522 formation tickers
  [v4-discovery] hard screens: 517 survivors
  [v4-discovery] fitting factor model (PCA on daily returns)...
  [v4-discovery] running pairwise Johansen on 517 tickers (133386 pairs)...
  [v4-discovery] pairwise tests done: 133386 candidates
WARNING FALLBACK CAP: kept top 500 by p-value
  Fold 25 [2025-01]: discovery: 201 pairs after beta>0 | cum_var=0.440
  Fold 25 [2025-01]: slicing daily cache for trading 2025-01-01 .. 2025-01-31
  Fold 25 [2025-01]: daily trading: 523 tickers
  Fold 25 [2025-01]: trading residual: 20 bars x 517 tickers
  Fold 25 [2025-01]: complete in 27.7s | n_trades=72, sharpe=+3.419, total_return=+0.0141, exits z/sl/open=12/3/59
  Fold 26 [2025-02]: slicing daily cache for formation 2024-02-01 .. 2025-01-31
  Fold 26 [2025-02]: daily formation: 523 tickers
  [v4-discovery] 523 formation tickers
  [v4-discovery] hard screens: 517 survivors
  [v4-discovery] fitting factor model (PCA on daily returns)...
  [v4-discovery] running pairwise Johansen on 517 tickers (133386 pairs)...
  [v4-discovery] pairwise tests done: 133386 candidates
WARNING FALLBACK CAP: kept top 500 by p-value
  Fold 26 [2025-02]: discovery: 202 pairs after beta>0 | cum_var=0.435
  Fold 26 [2025-02]: slicing daily cache for trading 2025-02-01 .. 2025-02-28
  Fold 26 [2025-02]: daily trading: 524 tickers
  Fold 26 [2025-02]: trading residual: 19 bars x 517 tickers
  Fold 26 [2025-02]: complete in 26.8s | n_trades=54, sharpe=+6.057, total_return=+0.0148, exits z/sl/open=6/9/40
  Fold 27 [2025-03]: slicing daily cache for formation 2024-03-01 .. 2025-02-28
  Fold 27 [2025-03]: daily formation: 524 tickers
  [v4-discovery] 524 formation tickers
  [v4-discovery] hard screens: 520 survivors
  [v4-discovery] fitting factor model (PCA on daily returns)...
  [v4-discovery] running pairwise Johansen on 520 tickers (134940 pairs)...
  [v4-discovery] pairwise tests done: 134940 candidates
WARNING FALLBACK CAP: kept top 500 by p-value
  Fold 27 [2025-03]: discovery: 191 pairs after beta>0 | cum_var=0.458
  Fold 27 [2025-03]: slicing daily cache for trading 2025-03-01 .. 2025-03-31
  Fold 27 [2025-03]: daily trading: 524 tickers
  Fold 27 [2025-03]: trading residual: 21 bars x 520 tickers
  Fold 27 [2025-03]: complete in 27.2s | n_trades=34, sharpe=+4.295, total_return=+0.0077, exits z/sl/open=6/0/28
  Fold 28 [2025-04]: slicing daily cache for formation 2024-04-01 .. 2025-03-31
  Fold 28 [2025-04]: daily formation: 524 tickers
  [v4-discovery] 524 formation tickers
  [v4-discovery] hard screens: 520 survivors
  [v4-discovery] fitting factor model (PCA on daily returns)...
  [v4-discovery] running pairwise Johansen on 520 tickers (134940 pairs)...
  [v4-discovery] pairwise tests done: 134940 candidates
WARNING FALLBACK CAP: kept top 500 by p-value
  Fold 28 [2025-04]: discovery: 197 pairs after beta>0 | cum_var=0.455
  Fold 28 [2025-04]: slicing daily cache for trading 2025-04-01 .. 2025-04-30
  Fold 28 [2025-04]: daily trading: 524 tickers
  Fold 28 [2025-04]: trading residual: 21 bars x 520 tickers
  Fold 28 [2025-04]: complete in 27.4s | n_trades=43, sharpe=+3.037, total_return=+0.0169, exits z/sl/open=10/0/33
  Fold 29 [2025-05]: slicing daily cache for formation 2024-05-01 .. 2025-04-30
  Fold 29 [2025-05]: daily formation: 524 tickers
  [v4-discovery] 524 formation tickers
  [v4-discovery] hard screens: 520 survivors
  [v4-discovery] fitting factor model (PCA on daily returns)...
  [v4-discovery] running pairwise Johansen on 520 tickers (134940 pairs)...
  [v4-discovery] pairwise tests done: 134940 candidates
WARNING FALLBACK CAP: kept top 500 by p-value
  Fold 29 [2025-05]: discovery: 198 pairs after beta>0 | cum_var=0.502
  Fold 29 [2025-05]: slicing daily cache for trading 2025-05-01 .. 2025-05-31
  Fold 29 [2025-05]: daily trading: 524 tickers
  Fold 29 [2025-05]: trading residual: 21 bars x 520 tickers
  Fold 29 [2025-05]: complete in 26.5s | n_trades=18, sharpe=+2.815, total_return=+0.0058, exits z/sl/open=3/0/15
  Fold 30 [2025-06]: slicing daily cache for formation 2024-06-01 .. 2025-05-31
  Fold 30 [2025-06]: daily formation: 524 tickers
  [v4-discovery] 524 formation tickers
  [v4-discovery] hard screens: 521 survivors
  [v4-discovery] fitting factor model (PCA on daily returns)...
  [v4-discovery] running pairwise Johansen on 521 tickers (135460 pairs)...
  [v4-discovery] pairwise tests done: 135460 candidates
WARNING FALLBACK CAP: kept top 500 by p-value
  Fold 30 [2025-06]: discovery: 216 pairs after beta>0 | cum_var=0.501
  Fold 30 [2025-06]: slicing daily cache for trading 2025-06-01 .. 2025-06-30
  Fold 30 [2025-06]: daily trading: 524 tickers
  Fold 30 [2025-06]: trading residual: 20 bars x 521 tickers
  Fold 30 [2025-06]: complete in 27.1s | n_trades=20, sharpe=-3.516, total_return=-0.0030, exits z/sl/open=0/2/18
  Fold 31 [2025-07]: slicing daily cache for formation 2024-07-01 .. 2025-06-30
  Fold 31 [2025-07]: daily formation: 524 tickers
  [v4-discovery] 524 formation tickers
  [v4-discovery] hard screens: 521 survivors
  [v4-discovery] fitting factor model (PCA on daily returns)...
  [v4-discovery] running pairwise Johansen on 521 tickers (135460 pairs)...
  [v4-discovery] pairwise tests done: 135460 candidates
WARNING FALLBACK CAP: kept top 500 by p-value
  Fold 31 [2025-07]: discovery: 212 pairs after beta>0 | cum_var=0.483
  Fold 31 [2025-07]: slicing daily cache for trading 2025-07-01 .. 2025-07-31
  Fold 31 [2025-07]: daily trading: 524 tickers
  Fold 31 [2025-07]: trading residual: 22 bars x 521 tickers
  Fold 31 [2025-07]: complete in 28.4s | n_trades=44, sharpe=+2.538, total_return=+0.0266, exits z/sl/open=4/4/36
  Fold 32 [2025-08]: slicing daily cache for formation 2024-08-01 .. 2025-07-31
  Fold 32 [2025-08]: daily formation: 524 tickers
  [v4-discovery] 524 formation tickers
  [v4-discovery] hard screens: 521 survivors
  [v4-discovery] fitting factor model (PCA on daily returns)...
  [v4-discovery] running pairwise Johansen on 521 tickers (135460 pairs)...
  [v4-discovery] pairwise tests done: 135460 candidates
WARNING FALLBACK CAP: kept top 500 by p-value
  Fold 32 [2025-08]: discovery: 197 pairs after beta>0 | cum_var=0.489
  Fold 32 [2025-08]: slicing daily cache for trading 2025-08-01 .. 2025-08-31
  Fold 32 [2025-08]: daily trading: 525 tickers
  Fold 32 [2025-08]: trading residual: 21 bars x 521 tickers
  Fold 32 [2025-08]: complete in 27.7s | n_trades=47, sharpe=-10.234, total_return=-0.1464, exits z/sl/open=4/6/39
  Fold 33 [2025-09]: slicing daily cache for formation 2024-09-01 .. 2025-08-31
  Fold 33 [2025-09]: daily formation: 525 tickers
  [v4-discovery] 525 formation tickers
  [v4-discovery] hard screens: 522 survivors
  [v4-discovery] fitting factor model (PCA on daily returns)...
  [v4-discovery] running pairwise Johansen on 522 tickers (135981 pairs)...
  [v4-discovery] pairwise tests done: 135981 candidates
WARNING FALLBACK CAP: kept top 500 by p-value
  Fold 33 [2025-09]: discovery: 165 pairs after beta>0 | cum_var=0.503
  Fold 33 [2025-09]: slicing daily cache for trading 2025-09-01 .. 2025-09-30
  Fold 33 [2025-09]: daily trading: 525 tickers
  Fold 33 [2025-09]: trading residual: 21 bars x 522 tickers
  Fold 33 [2025-09]: complete in 27.9s | n_trades=18, sharpe=+2.478, total_return=+0.0033, exits z/sl/open=3/2/14
  Fold 34 [2025-10]: slicing daily cache for formation 2024-10-01 .. 2025-09-30
  Fold 34 [2025-10]: daily formation: 525 tickers
  [v4-discovery] 525 formation tickers
  [v4-discovery] hard screens: 522 survivors
  [v4-discovery] fitting factor model (PCA on daily returns)...
  [v4-discovery] running pairwise Johansen on 522 tickers (135981 pairs)...
  [v4-discovery] pairwise tests done: 135981 candidates
WARNING FALLBACK CAP: kept top 500 by p-value
  Fold 34 [2025-10]: discovery: 168 pairs after beta>0 | cum_var=0.488
  Fold 34 [2025-10]: slicing daily cache for trading 2025-10-01 .. 2025-10-31
  Fold 34 [2025-10]: daily trading: 525 tickers
  Fold 34 [2025-10]: trading residual: 23 bars x 522 tickers
  Fold 34 [2025-10]: complete in 27.8s | n_trades=37, sharpe=+0.633, total_return=+0.0085, exits z/sl/open=4/3/34
  Fold 35 [2025-11]: slicing daily cache for formation 2024-11-01 .. 2025-10-31
  Fold 35 [2025-11]: daily formation: 525 tickers
  [v4-discovery] 525 formation tickers
  [v4-discovery] hard screens: 522 survivors
  [v4-discovery] fitting factor model (PCA on daily returns)...
  [v4-discovery] running pairwise Johansen on 522 tickers (135981 pairs)...
  [v4-discovery] pairwise tests done: 135981 candidates
WARNING FALLBACK CAP: kept top 500 by p-value
  Fold 35 [2025-11]: discovery: 157 pairs after beta>0 | cum_var=0.483
  Fold 35 [2025-11]: slicing daily cache for trading 2025-11-01 .. 2025-11-30
  Fold 35 [2025-11]: daily trading: 527 tickers
  Fold 35 [2025-11]: trading residual: 19 bars x 522 tickers
  Fold 35 [2025-11]: complete in 27.2s | n_trades=32, sharpe=+4.473, total_return=+0.2461, exits z/sl/open=5/0/27
  Fold 36 [2025-12]: slicing daily cache for formation 2024-12-01 .. 2025-11-30
  Fold 36 [2025-12]: daily formation: 527 tickers
  [v4-discovery] 527 formation tickers
  [v4-discovery] hard screens: 522 survivors
  [v4-discovery] fitting factor model (PCA on daily returns)...
  [v4-discovery] running pairwise Johansen on 522 tickers (135981 pairs)...
  [v4-discovery] pairwise tests done: 135981 candidates
WARNING FALLBACK CAP: kept top 500 by p-value
  Fold 36 [2025-12]: discovery: 3 pairs after beta>0 | cum_var=0.496
  Fold 36 [2025-12]: slicing daily cache for trading 2025-12-01 .. 2025-12-31
  Fold 36 [2025-12]: daily trading: 527 tickers
  Fold 36 [2025-12]: trading residual: 22 bars x 522 tickers
  Fold 36 [2025-12]: complete in 26.8s | n_trades=0, sharpe=+0.000, total_return=+0.0000, exits z/sl/open=0/0/0
  Fold 37 [2026-01]: slicing daily cache for formation 2025-01-01 .. 2025-12-31
  Fold 37 [2026-01]: daily formation: 527 tickers
  [v4-discovery] 527 formation tickers
  [v4-discovery] hard screens: 523 survivors
  [v4-discovery] fitting factor model (PCA on daily returns)...
  [v4-discovery] running pairwise Johansen on 523 tickers (136503 pairs)...
  [v4-discovery] pairwise tests done: 136503 candidates
WARNING FALLBACK CAP: kept top 500 by p-value
  Fold 37 [2026-01]: discovery: 232 pairs after beta>0 | cum_var=0.496
  Fold 37 [2026-01]: slicing daily cache for trading 2026-01-01 .. 2026-01-31
  Fold 37 [2026-01]: daily trading: 528 tickers
  Fold 37 [2026-01]: trading residual: 20 bars x 523 tickers
  Fold 37 [2026-01]: complete in 27.3s | n_trades=61, sharpe=+1.322, total_return=+0.0142, exits z/sl/open=7/9/45
  Fold 38 [2026-02]: slicing daily cache for formation 2025-02-01 .. 2026-01-31
  Fold 38 [2026-02]: daily formation: 528 tickers
  [v4-discovery] 528 formation tickers
  [v4-discovery] hard screens: 524 survivors
  [v4-discovery] fitting factor model (PCA on daily returns)...
  [v4-discovery] running pairwise Johansen on 524 tickers (137026 pairs)...
  [v4-discovery] pairwise tests done: 137026 candidates
WARNING FALLBACK CAP: kept top 500 by p-value
  Fold 38 [2026-02]: discovery: 210 pairs after beta>0 | cum_var=0.482
  Fold 38 [2026-02]: slicing daily cache for trading 2026-02-01 .. 2026-02-28
  Fold 38 [2026-02]: daily trading: 528 tickers
  Fold 38 [2026-02]: trading residual: 19 bars x 524 tickers
  Fold 38 [2026-02]: complete in 27.2s | n_trades=91, sharpe=-3.331, total_return=-0.0192, exits z/sl/open=11/13/68
  Fold 39 [2026-03]: slicing daily cache for formation 2025-03-01 .. 2026-02-28
  Fold 39 [2026-03]: daily formation: 528 tickers
  [v4-discovery] 528 formation tickers
  [v4-discovery] hard screens: 524 survivors
  [v4-discovery] fitting factor model (PCA on daily returns)...
  [v4-discovery] running pairwise Johansen on 524 tickers (137026 pairs)...
  [v4-discovery] pairwise tests done: 137026 candidates
WARNING FALLBACK CAP: kept top 500 by p-value
  Fold 39 [2026-03]: discovery: 168 pairs after beta>0 | cum_var=0.462
  Fold 39 [2026-03]: slicing daily cache for trading 2026-03-01 .. 2026-03-31
  Fold 39 [2026-03]: daily trading: 528 tickers
  Fold 39 [2026-03]: trading residual: 14 bars x 524 tickers
  Fold 39 [2026-03]: complete in 27.4s | n_trades=22, sharpe=-0.745, total_return=-0.0019, exits z/sl/open=1/0/22

Combo ez2.5_hl30 done in 1044s
  mean Sharpe (all 39)=+0.111, median=+0.732, winners=21/38
  train (1-30): mean Sharpe=+0.236, OOS (31-39): mean Sharpe=-0.358

============================================================
GRID COMPLETE in 164.4 min
============================================================

Grid summary (sorted by mean_sharpe_train):
 entry_z  hl_max  n_trades_total  mean_sharpe_train  mean_sharpe_oos  median_sharpe_train  median_sharpe_oos  winners_train  winners_oos  pct_open_at_eom
  +2.500 +30.000            1495             +0.236           -0.358               +0.620             +0.978             16            5          +80.224
  +2.500 +15.000            1082             -0.207           -2.704               -0.723             -2.559             13            2          +80.201
  +2.000 +30.000            2514             -0.409           -0.873               +0.015             +1.183             15            5          +77.419
  +2.500 +10.000             773             -0.505           -2.906               -0.426             -2.190             12            1          +80.584
  +2.000 +15.000            1769             -0.517           -1.341               -0.950             -0.387             12            3          +76.314
  +2.000 +10.000            1212             -0.899           -1.202               -0.911             -1.182             12            3          +76.750
  +1.500 +30.000            3751             -0.977           -0.313               -0.899             +0.902             11            5          +70.037
  +1.500 +10.000            1791             -1.058           -0.913               -0.092             -1.001             14            2          +67.754
  +1.500 +15.000            2627             -1.088           -0.302               -0.530             +1.328             11            5          +68.492

Winner by in-sample mean Sharpe (folds 1-30):
  entry_z=2.5, hl_max=30.0
  in-sample mean Sharpe: +0.236
  OOS         mean Sharpe: -0.358
  IS-OOS gap (data-dredging premium): +0.595
